start_time,end_time,lyric,vocal1,vocal2,duration,song_name,song_year
"00:00:13,293","00:00:15,108",modu nareul gajigo ,Nayeon,,1.815,LikeOohAhh,2015
"00:00:15,108","00:00:16,687",maeil gaman an dujo,Nayeon,,1.579,LikeOohAhh,2015
"00:00:16,687","00:00:18,327",naega neomu yeppeujo,Momo,,1.64,LikeOohAhh,2015
"00:00:18,327","00:00:20,116",na ttaemune da himdeuljo,Momo,,1.789,LikeOohAhh,2015
"00:00:20,116","00:00:21,705",eodil geotgo isseodo,Nayeon,,1.589,LikeOohAhh,2015
"00:00:21,705","00:00:23,424",ppalgan badagingeojo,Nayeon,,1.719,LikeOohAhh,2015
"00:00:23,424","00:00:25,513",Red carpet gateun gibun,Sana,,2.089,LikeOohAhh,2015
"00:00:25,513","00:00:27,192",modu nal cheoda bojo,Sana,,1.679,LikeOohAhh,2015
"00:00:27,192","00:00:30,602",eotteon sarameun eomeonimi nugunyago,Jihyo,,3.41,LikeOohAhh,2015
"00:00:30,602","00:00:32,231",shinseonhage mal georeodo,Mina,,1.629,LikeOohAhh,2015
"00:00:32,231","00:00:34,015",amu neukkimi an deuljo Oh,Mina,,1.784,LikeOohAhh,2015
"00:00:34,015","00:00:37,449",hajiman nado nugunga hago sarange,Jihyo,,3.434,LikeOohAhh,2015
"00:00:37,449","00:00:39,223",ppajeobogo shipeo Baby,Mina,,1.774,LikeOohAhh,2015
"00:00:39,223","00:00:40,767",jal deureoyo nae Boy,Mina,,1.544,LikeOohAhh,2015
"00:00:40,767","00:00:44,086",dan hanbeondo neukkyeobon jeok eomneun geol,Tzuyu,,3.319,LikeOohAhh,2015
"00:00:44,086","00:00:45,362",alge haejuneun,Tzuyu,,1.276,LikeOohAhh,2015
"00:00:45,362","00:00:47,730",Saram gidarigo ineun geol,Jihyo,,2.368,LikeOohAhh,2015
"00:00:47,730","00:00:51,208",eolmaga dwaedo gidarigo shipeo,Jihyo,,3.478,LikeOohAhh,2015
"00:00:54,053","00:00:57,326",eotteoke naega umjigil su eopge,Nayeon,,3.273,LikeOohAhh,2015
"00:00:57,326","00:01:01,455",nal Ooh ahh ooh ahh-hage mandeureo jweo,Nayeon,,4.129,LikeOohAhh,2015
"00:01:01,455","00:01:04,688",gajja gajja jinshim eomneun gajja,Nayeon,,3.233,LikeOohAhh,2015
"00:01:04,688","00:01:06,838",jal ga jal ga,Nayeon,,2.15,LikeOohAhh,2015
"00:01:07,763","00:01:10,842",eotteoke ije deo halmari eopge,Jihyo,,3.079,LikeOohAhh,2015
"00:01:10,842","00:01:14,885",nal Ooh ahh ooh ahh-hage mandeureo jweo,Jihyo,,4.043,LikeOohAhh,2015
"00:01:14,885","00:01:18,170",Bla la la la malmanhaji malgo,Jihyo,,3.285,LikeOohAhh,2015
"00:01:18,170","00:01:20,344",neukkyeojige,Jihyo,,2.174,LikeOohAhh,2015
"00:01:22,998","00:01:25,897",nal bwa geobwa tto du beon bwa,Dahyun,,2.899,LikeOohAhh,2015
"00:01:25,897","00:01:29,726",hanbeon jinachigo deungeul dollyeo cheodabwa ,Chaeyoung,,3.829,LikeOohAhh,2015
"00:01:29,726","00:01:31,785",eodil gadeorado hangsang min nat,Dahyun,,2.059,LikeOohAhh,2015
"00:01:31,785","00:01:33,180",hajiman naega jeil binna,Chaeyoung,,1.395,LikeOohAhh,2015
"00:01:33,180","00:01:36,464",najeun shinbal shineodo gachineun High,Chaeyoung,Dahyun,3.284,LikeOohAhh,2015
"00:01:36,464","00:01:40,127",meorissogen neul yeonghwa sok gateun La la la,Mina,,3.663,LikeOohAhh,2015
"00:01:40,127","00:01:43,423",jangmyeondeuri jinagane saenggangmanhaedo tteolline Yeah,Sana,,3.296,LikeOohAhh,2015
"00:01:43,423","00:01:46,661",ijeneun nado nugunga hago sarange,Momo,,3.238,LikeOohAhh,2015
"00:01:46,661","00:01:48,639",ppajeo bogo shipeo Baby,Sana,,1.978,LikeOohAhh,2015
"00:01:48,639","00:01:50,044",jal deureoyo nae Boy,Sana,,1.405,LikeOohAhh,2015
"00:01:50,044","00:01:53,534",dan hanbeondo neukkyeobon jeok eomneun geol,Tzuyu,,3.49,LikeOohAhh,2015
"00:01:53,534","00:01:54,703",alge haejuneun,Tzuyu,,1.169,LikeOohAhh,2015
"00:01:54,703","00:01:56,857",saram gidarigo inneun geol,Tzuyu,,2.154,LikeOohAhh,2015
"00:01:56,857","00:02:00,502",eolmaga dwaedo gidarigo shipeo,Jihyo,,3.645,LikeOohAhh,2015
"00:02:00,502","00:02:03,282",eotteoke naega ,Nayeon,,2.78,LikeOohAhh,2015
"00:02:03,282","00:02:06,625",umjigil su eopge,Nayeon,,3.343,LikeOohAhh,2015
"00:02:06,625","00:02:10,779",nal Ooh ahh ooh ahh-hage mandeureo jweo,Nayeon,,4.154,LikeOohAhh,2015
"00:02:10,779","00:02:14,054",gajja gajja jinshim eomneun gajja,Nayeon,,3.275,LikeOohAhh,2015
"00:02:14,054","00:02:16,113",jal ga jal ga,Nayeon,,2.059,LikeOohAhh,2015
"00:02:17,313","00:02:20,192",eotteoke ije deo halmari eopge,Jihyo,,2.879,LikeOohAhh,2015
"00:02:20,192","00:02:24,251",nal Ooh ahh ooh ahh-hage mandeureo jweo,Jihyo,,4.059,LikeOohAhh,2015
"00:02:24,251","00:02:27,560",Bla la la la malmanhaji malgo,Jihyo,,3.309,LikeOohAhh,2015
"00:02:27,560","00:02:29,714",neukkyeojige,Jihyo,,2.154,LikeOohAhh,2015
"00:02:32,128","00:02:38,488",amuhago manna shijakagi shireo,Nayeon,,6.36,LikeOohAhh,2015
"00:02:38,488","00:02:45,118",shwipji aneun yeoja geuge naingeol,Mina,,6.63,LikeOohAhh,2015
"00:02:57,766","00:02:58,955",Better think about it TWICE,Jihyo,,1.189,LikeOohAhh,2015
"00:02:58,955","00:03:02,569",eotteoke naega ,Jeongyeon,Jihyo,3.614,LikeOohAhh,2015
"00:03:02,569","00:03:06,562",umjigil su eopge,Jeongyeon,Jihyo,3.993,LikeOohAhh,2015
"00:03:06,562","00:03:09,982",nal Ooh ahh ooh ahh-hage mandeureo jweo,Jeongyeon,Jihyo,3.42,LikeOohAhh,2015
"00:03:09,982","00:03:11,851",gajja gajja jinshim eomneun gajja,Jeongyeon,Jihyo,1.869,LikeOohAhh,2015
"00:03:12,917","00:03:15,886",eotteoke ije deo halmari eopge,Jihyo,,2.969,LikeOohAhh,2015
"00:03:15,886","00:03:20,040",nal Ooh ahh ooh ahh-hage mandeureo jweo,Jihyo,,4.154,LikeOohAhh,2015
"00:03:20,040","00:03:23,559",Bla la la la malmanhaji malgo,Jihyo,,3.519,LikeOohAhh,2015
"00:03:23,559","00:03:25,639",neukkyeojige,Jihyo,,2.08,LikeOohAhh,2015
"00:00:17,500","00:00:19,060",ireojido motaneunde,Nayeon,,1.56,TT,2016
"00:00:19,660","00:00:21,460",jeoreojido motane,Nayeon,,1.8,TT,2016
"00:00:21,620","00:00:24,400",geujeo barabomyeo Ba-ba-ba-baby,Nayeon,,2.78,TT,2016
"00:00:22,931","00:00:24,911",maeil ullineun bel bel bel,Nayeon,,1.98,CheerUp,2016
"00:00:24,911","00:00:26,866", ijen nareul baeryeo hae jweo,Nayeon,,1.955,CheerUp,2016
"00:00:25,100","00:00:27,160",maeil sangsangman hae ireumgwa hamkke,Mina,,2.06,TT,2016
"00:00:26,866","00:00:29,149", baeteori nangbihagin shireo,Nayeon,,2.283,CheerUp,2016
"00:00:27,160","00:00:29,360",sseuk mareul nwanne Baby,Mina,,2.2,TT,2016
"00:00:29,149","00:00:31,897",jakkuman bwa jakkujakkuman wa,Mina,,2.748,CheerUp,2016
"00:00:29,480","00:00:31,880",ajik urin moreuneun sainde,Mina,,2.4,TT,2016
"00:00:31,880","00:00:34,660",amugeona geolcheodo areumdaweo,Tzuyu,,2.78,TT,2016
"00:00:31,897","00:00:34,726", jeonhwaga peong teojil kkeonman gata,Mina,,2.829,CheerUp,2016
"00:00:34,726","00:00:37,143",molla molla sumdo mot shwindae,Sana,,2.417,CheerUp,2016
"00:00:34,920","00:00:38,580",geoul sok dan duriseo haneun Fashion show show,Mina,,3.66,TT,2016
"00:00:37,143","00:00:38,501", na ttaemune himdeureo,Sana,,1.358,CheerUp,2016
"00:00:38,501","00:00:41,104", kung shimjangi tteoreojindae wae,Sana,,2.603,CheerUp,2016
"00:00:38,920","00:00:42,800",ibeonen jeongmal kkokkok naega meonjeo Talk talk,Jihyo,,3.88,TT,2016
"00:00:41,104","00:00:43,530",gyae mareun na neomu yeppeudae,Mina,,2.426,CheerUp,2016
"00:00:42,840","00:00:46,200",dajim ppunin geol maebeon dajim ppunin geol,Tzuyu,,3.36,TT,2016
"00:00:43,530","00:00:45,059", jaranghaneungeon anigo,Mina,,1.529,CheerUp,2016
"00:00:46,256","00:00:49,209",Ah akkaneun motbadaseo mianhae,Tzuyu,,2.953,CheerUp,2016
"00:00:46,540","00:00:52,700",Nanana nananana konnoraega naodaga nado mollae,Sana,,6.16,TT,2016
"00:00:49,209","00:00:52,068",chingureul mannaneura Shy shy shy,Sana,,2.859,CheerUp,2016
"00:00:52,068","00:00:54,740",mannagin jom geureoku mianhae,Tzuyu,,2.672,CheerUp,2016
"00:00:52,760","00:00:58,160",nunmul nal kkeot gatae anin geot gatae naega anin geot gatae ireon aega aninde,Momo,,5.4,TT,2016
"00:00:54,740","00:00:57,016",jom itta yeollakalkke Later,Mina,,2.276,CheerUp,2016
"00:00:57,016","00:00:59,629",joreuji ma eolma gaji ana,Momo,,2.613,CheerUp,2016
"00:00:59,629","00:01:02,343", bureuge haejulkke Baby,Momo,,2.714,CheerUp,2016
"00:01:00,560","00:01:03,520",imi nan da keottago saenggakaneunde,Nayeon,,2.96,TT,2016
"00:01:02,343","00:01:05,175",ajigeun jom illeo naemam gatgin illeo,Jeongyeon,,2.832,CheerUp,2016
"00:01:04,180","00:01:06,200",eojjeomyeon nae maminde wae,Nayeon,,2.02,TT,2016
"00:01:05,175","00:01:07,848", hajiman deo boyeojullae,Jeongyeon,,2.673,CheerUp,2016
"00:01:06,260","00:01:09,160",nae mamdaero hal su eomneun geonde,Nayeon,,2.9,TT,2016
"00:01:08,048","00:01:09,317",CHEER UP BABY,Jihyo,,1.269,CheerUp,2016
"00:01:09,317","00:01:10,746",CHEER UP BABY,Jihyo,,1.429,CheerUp,2016
"00:01:09,640","00:01:12,360",mireonaeryeogo hamyeon halsurok,Jihyo,,2.72,TT,2016
"00:01:10,746","00:01:12,958", jom deo himeul nae,Jihyo,,2.212,CheerUp,2016
"00:01:12,360","00:01:15,620",jakku kkeullyeo wae jakku jakku kkeullyeo Baby,Jihyo,,3.26,TT,2016
"00:01:12,958","00:01:15,913", yeojaga shwipge mameul jumyeon andwae,Jihyo,,2.955,CheerUp,2016
"00:01:15,913","00:01:19,162", geuraeya niga nal deo joahage dwelkkeol,Jihyo,,3.249,CheerUp,2016
"00:01:19,162","00:01:24,050",taeyeonhage yeongihallae amureochi anke,Nayeon,,4.888,CheerUp,2016
"00:01:19,700","00:01:22,940",ireon nae mam moreugo neomuhae neomuhae,Dahyun,,3.24,TT,2016
"00:01:24,050","00:01:27,032", naega neol joahaneun mam moreuge,Nayeon,,2.982,CheerUp,2016
"00:01:27,032","00:01:29,473",just get it together and then baby,Nayeon,,2.441,CheerUp,2016
"00:01:27,080","00:01:30,740",Tell me that you’d be my baby,Jihyo,,3.66,TT,2016
"00:01:29,473","00:01:30,417",CHEER UP,Nayeon,,0.944,CheerUp,2016
"00:01:31,683","00:01:34,382",anjeolbujeol moksoriga yeogikkaji deullyeo,Chaeyoung,,2.699,CheerUp,2016
"00:01:31,740","00:01:33,360",eocheoguni eopttago hae,Jeongyeon,,1.62,TT,2016
"00:01:33,360","00:01:35,420",eolgul gapseul motandae,Jeongyeon,,2.06,TT,2016
"00:01:34,382","00:01:37,094",ttame jeojeun jeonhwagiga yeogiseodo boyeo,Dahyun,,2.712,CheerUp,2016
"00:01:35,540","00:01:38,240",jeonhyeo wiro andwae Ba-ba-ba-baby,Jeongyeon,,2.7,TT,2016
"00:01:37,094","00:01:39,983",baro baro daedapaneun geotto maeryeok eopseo,Chaeyoung,,2.889,CheerUp,2016
"00:01:39,020","00:01:42,740",michil kkeot gatae i wajunge wae baeneun tto gopeun geonde,Jihyo,,3.72,TT,2016
"00:01:39,983","00:01:42,711",meshijiman ilkko hwagin an haneun geon gibon,Dahyun,,2.728,CheerUp,2016
"00:01:42,711","00:01:45,500",neomu shimhaenna Boy,Chaeyoung,,2.789,CheerUp,2016
"00:01:43,260","00:01:45,980",haru jongil meokkiman haneunde,Jihyo,,2.72,TT,2016
"00:01:45,500","00:01:48,240", ireodaga jichilkka bwa geokjeongdwegin hago,Chaeyoung,,2.74,CheerUp,2016
"00:01:45,980","00:01:48,840",maemmaemaemae amu joedo eomneun,Chaeyoung,,2.86,TT,2016
"00:01:48,240","00:01:50,988",an geureomyeon naega deo,Dahyun,,2.748,CheerUp,2016
"00:01:48,980","00:01:52,460",inhyeongman ttaejji,Dahyun,,3.48,TT,2016
"00:01:50,988","00:01:53,623", ppajil kkeonman gateo ppajil kkeonman gateo,Dahyun,,2.635,CheerUp,2016
"00:01:52,460","00:01:54,320",pibuneun wae ireoke tto chikchik,Chaeyoung,,1.86,TT,2016
"00:01:53,623","00:01:56,889",Oh a dapjangeul motaejweoseo mianhae,Tzuyu,,3.266,CheerUp,2016
"00:01:54,320","00:01:56,200",tahan ainult kurta,Dahyun,,1.88,TT,2016
"00:01:56,200","00:02:00,460",ema gwichange gyesok waewaewaewaewae,Chaeyoung,Dahyun,4.26,TT,2016
"00:01:56,889","00:01:59,602",chingureul mannaneura Shy shy shy,Sana,,2.713,CheerUp,2016
"00:01:59,602","00:02:02,753",mannagin jom geureoku mianhae,Tzuyu,,3.151,CheerUp,2016
"00:02:00,660","00:02:06,740",Nanana nananana konnoraega naodaga nado mollae,Sana,,6.08,TT,2016
"00:02:02,753","00:02:04,882",jom itta yeollakalkke Later,Sana,,2.129,CheerUp,2016
"00:02:04,882","00:02:07,641",joreuji ma eodi gaji ana,Momo,,2.759,CheerUp,2016
"00:02:06,800","00:02:09,440",nunmul nal kkeot gatae anin geot gatae ,Momo,,2.64,TT,2016
"00:02:07,641","00:02:10,339", dweeo julkke neoye Baby,Momo,,2.698,CheerUp,2016
"00:02:09,560","00:02:12,220", ireon aega aninde,Momo,,2.66,TT,2016
"00:02:10,339","00:02:13,242",neomu ppallin shireo seongereul deo boyeo,Jeongyeon,,2.903,CheerUp,2016
"00:02:13,242","00:02:15,917", naega neol gidaryeo julkke,Jeongyeon,,2.675,CheerUp,2016
"00:02:14,520","00:02:17,220",imi nan da keottago saenggakaneunde,Nayeon,,2.7,TT,2016
"00:02:15,917","00:02:17,373",CHEER UP BABY,Jihyo,,1.456,CheerUp,2016
"00:02:17,373","00:02:18,784",CHEER UP BABY,Jihyo,,1.411,CheerUp,2016
"00:02:18,240","00:02:20,180",eojjeomyeon nae maminde wae,Nayeon,,1.94,TT,2016
"00:02:18,784","00:02:20,998", jom deo himeul nae,Jihyo,,2.214,CheerUp,2016
"00:02:20,180","00:02:23,060",nae mamdaero hal su eomneun geonde,Nayeon,,2.88,TT,2016
"00:02:20,998","00:02:23,845", yeojaga shwipge mameul jumyeon andwae,Jihyo,,2.847,CheerUp,2016
"00:02:23,360","00:02:26,260",mireonaeryeogo hamyeon halsurok,Jihyo,,2.9,TT,2016
"00:02:23,845","00:02:27,091", geuraeya niga nal deo joahage dwelkkeol,Jihyo,,3.246,CheerUp,2016
"00:02:26,260","00:02:29,340",jakku kkeullyeo wae jakku jakku kkeullyeo Baby,Jihyo,,3.08,TT,2016
"00:02:27,091","00:02:32,055",taeyeonhage yeongihallae amureochi anke,Nayeon,,4.964,CheerUp,2016
"00:02:32,055","00:02:35,008", naega neol joahaneun mam moreuge,Nayeon,,2.953,CheerUp,2016
"00:02:33,560","00:02:36,540",ireon nae mam moreugo neomuhae neomuhae,Dahyun,,2.98,TT,2016
"00:02:35,008","00:02:37,474",just get it together and then baby,Nayeon,,2.466,CheerUp,2016
"00:02:37,474","00:02:38,248",CHEER UP,Nayeon,,0.774,CheerUp,2016
"00:02:39,312","00:02:43,150",nado niga joa sangcheo ibeulkka bwa,Mina,,3.838,CheerUp,2016
"00:02:40,880","00:02:43,640",Tell me that you’d be my baby,Jihyo,,2.76,TT,2016
"00:02:43,150","00:02:51,739",geokjeongdwejiman yeojanikka ihaehaejugil,Mina,Nayeon,8.589,CheerUp,2016
"00:02:44,700","00:02:47,780",hokshi ireon nareul alkkayo,Tzuyu,,3.08,TT,2016
"00:02:47,680","00:02:51,260",idaero sarajeo beorimyeon andwaeyo,Mina,,3.58,TT,2016
"00:02:51,739","00:02:54,430",sok maeum deulkil kkabwa geobina,Jihyo,,2.691,CheerUp,2016
"00:02:51,780","00:02:56,020",ibeonen jeongmal kkokkok naega meonjeo Talk talk,Jihyo,,4.24,TT,2016
"00:02:54,430","00:02:57,202",jigeumcheoreom jogeumman deo dagawa,Jihyo,,2.772,CheerUp,2016
"00:02:56,080","00:03:00,700",dajim ppunin geol maebeon dajim ppunin geol,Jihyo,,4.62,TT,2016
"00:02:57,202","00:02:59,004",geuri orae geollijin ana,Jihyo,,1.802,CheerUp,2016
"00:02:59,004","00:03:01,008",Just get it together and then baby ,Jihyo,,2.004,CheerUp,2016
"00:03:00,720","00:03:03,700",imi nan da keottago saenggakaneunde,Mina,Nayeon,2.98,TT,2016
"00:03:01,008","00:03:01,727",CHEER UP,Jihyo,,0.719,CheerUp,2016
"00:03:04,320","00:03:06,100",eojjeomyeon nae maminde wae,Mina,,1.78,TT,2016
"00:03:06,100","00:03:09,240",nae mamdaero hal su eomneun geonde,Mina,Nayeon,3.14,TT,2016
"00:03:09,440","00:03:12,220",mireonaeryeogo hamyeon halsurok,Jeongyeon,Jihyo,2.78,TT,2016
"00:03:12,220","00:03:15,900",jakku kkeullyeo wae jakku jakku kkeullyeo Baby,Jeongyeon,,3.68,TT,2016
"00:03:12,931","00:03:14,198",CHEER UP BABY,Jeongyeon,Jihyo,1.267,CheerUp,2016
"00:03:14,198","00:03:15,616",CHEER UP BABY,Jeongyeon,Jihyo,1.418,CheerUp,2016
"00:03:15,616","00:03:17,932",Give it a little more,Jeongyeon,Jihyo,2.316,CheerUp,2016
"00:03:17,932","00:03:20,672", yeojaga shwipge mameul jumyeon andwae,Jihyo,,2.74,CheerUp,2016
"00:03:19,420","00:03:22,920",ireon nae mam moreugo neomuhae neomuhae,Dahyun,Jihyo,3.5,TT,2016
"00:03:20,672","00:03:23,959", geuraeya niga nal deo joahage dwelkkeol,Jihyo,,3.287,CheerUp,2016
"00:03:23,959","00:03:28,942",taeyeonhage yeongihallae amureochi anke,Nayeon,Mina,4.983,CheerUp,2016
"00:03:27,180","00:03:30,500",Tell me that you’d be my baby,Jihyo,,3.32,TT,2016
"00:03:28,942","00:03:31,841", naega neol joahaneun mam moreuge,Nayeon,Jihyo,2.899,CheerUp,2016
"00:03:31,841","00:03:34,350",just get it together and then baby,Nayeon,Jihyo,2.509,CheerUp,2016
"00:03:34,350","00:03:35,613",CHEER UP,Nayeon,,1.263,CheerUp,2016
"00:00:00,660","00:00:02,220",Trying to let you know,Dahyun,,1.56,Signal,2017
"00:00:02,560","00:00:04,980",Sign-eul bonae Signal bonae,Dahyun,,2.42,Signal,2017
"00:00:04,220","00:00:07,300",Come and be my love Come and be my love baby,Chaeyoung,,3.08,HeartShaker,2017
"00:00:05,240","00:00:06,900",I must let you know,Chaeyoung,,1.66,Signal,2017
"00:00:07,200","00:00:09,553",Sign-eul bonae Signal bonae,Chaeyoung,,2.353,Signal,2017
"00:00:09,553","00:00:10,600",Sign-eul bonae,Dahyun,,1.047,Signal,2017
"00:00:09,780","00:00:13,040",Come and be my love Come and be my love baby,Dahyun,,3.26,HeartShaker,2017
"00:00:10,600","00:00:11,547",Signal bonae,Chaeyoung,,0.947,Signal,2017
"00:00:11,547","00:00:12,835",Sign-eul bonae,Dahyun,,1.288,Signal,2017
"00:00:12,835","00:00:14,000",Signal bonae,Chaeyoung,,1.165,Signal,2017
"00:00:12,960","00:00:17,000",seollenda heart Me likey Me likey likey likey,Sana,,4.04,Likey,2017
"00:00:13,160","00:00:16,040",meonghani seoseo mak gomingomin hae,Nayeon,,2.88,HeartShaker,2017
"00:00:14,000","00:00:15,059",Sign-eul bonae,Dahyun,,1.059,Signal,2017
"00:00:14,410","00:00:16,170",yeoldushiga dwemyeon dacheoyo,Nayeon,,1.76,KnockKnock,2017
"00:00:15,059","00:00:16,200",Signal bonae,Chaeyoung,,1.141,Signal,2017
"00:00:16,140","00:00:19,220", na igeo jinjja jalhaneun jishinji,Nayeon,,3.08,HeartShaker,2017
"00:00:16,170","00:00:17,894",jogeumman seodulleo jullaeyo,Nayeon,,1.724,KnockKnock,2017
"00:00:16,540","00:00:18,117",I must let you know,Dahyun,Chaeyoung,1.577,Signal,2017
"00:00:17,620","00:00:19,620",Me likey likey likey,Sana,,2.0,Likey,2017
"00:00:17,894","00:00:21,655","Knock knock knock knock, knock on my door",Chaeyoung,Jeongyeon,3.761,KnockKnock,2017
"00:00:18,740","00:00:22,500",Sign-eul bonae Signal bonae geunde jeonhyeo an tonghae,Momo,,3.76,Signal,2017
"00:00:19,320","00:00:21,320",yeah yeah yeah yeah,Jeongyeon,,2.0,HeartShaker,2017
"00:00:19,620","00:00:20,880",dugeun dugeun dugeun,Dahyun,,1.26,Likey,2017
"00:00:21,340","00:00:21,840",mweo eottae,Tzuyu,,0.5,HeartShaker,2017
"00:00:21,655","00:00:23,333",bami dwemyeon nae mamsoge,Dahyun,,1.678,KnockKnock,2017
"00:00:21,920","00:00:23,560",No no no no,Momo,,1.64,HeartShaker,2017
"00:00:22,040","00:00:24,460",Me Likey Me Likey Likey Likey,Jihyo,,2.42,Likey,2017
"00:00:23,333","00:00:25,500",churipmuni yeollijo,Dahyun,,2.167,KnockKnock,2017
"00:00:23,460","00:00:27,060",nunbicheul bonae nunchireul june geunde mot aradeunne,Mina,,3.6,Signal,2017
"00:00:23,640","00:00:24,140",micheosseo,Mina,,0.5,HeartShaker,2017
"00:00:24,180","00:00:25,620",nan jjeuwirago hae,Tzuyu,,1.44,HeartShaker,2017
"00:00:24,620","00:00:25,780",Me Likey Likey Likey,Jihyo,,1.16,Likey,2017
"00:00:25,500","00:00:29,160",nugunga piryohae someone else!,Sana,,3.66,KnockKnock,2017
"00:00:25,700","00:00:27,380",mujakjeong insahalkka,Mina,,1.68,HeartShaker,2017
"00:00:25,880","00:00:27,180",dugeun dugeun dugeun,Chaeyoung,,1.3,Likey,2017
"00:00:27,380","00:00:29,520",jakku deureonaego shipji jakkuman,Nayeon,,2.14,Likey,2017
"00:00:27,440","00:00:28,540",nae jeonhwabeonhoya,Sana,,1.1,HeartShaker,2017
"00:00:28,120","00:00:30,840",dapdapaeseo michigetta jeongmal,Momo,,2.72,Signal,2017
"00:00:28,580","00:00:30,580",jjokjil jugo domangchilkka,Mina,,2.0,HeartShaker,2017
"00:00:29,160","00:00:30,750",jakkujakku seoseongine,Jihyo,,1.59,KnockKnock,2017
"00:00:30,020","00:00:34,940",sasohan geot hanakkaji jeonbuda,Nayeon,,4.92,Likey,2017
"00:00:30,640","00:00:32,640",yeah yeah yeah yeah,Jeongyeon,,2.0,HeartShaker,2017
"00:00:30,750","00:00:32,634",mollae mollae humcheobone,Jihyo,,1.884,KnockKnock,2017
"00:00:31,080","00:00:33,080",wae geureonji moreugetta jeongmal,Mina,,2.0,Signal,2017
"00:00:32,634","00:00:36,480","Knock knock knock knock, knock on my door",Chaeyoung,Jeongyeon,3.846,KnockKnock,2017
"00:00:32,700","00:00:33,240",eotteokae,Sana,,0.54,HeartShaker,2017
"00:00:33,320","00:00:34,840",dashi han beon himeul naeseo,Momo,,1.52,Signal,2017
"00:00:33,340","00:00:35,260",No no no no,Momo,,1.92,HeartShaker,2017
"00:00:35,060","00:00:37,260",Sign-eul bonae Signal bonae,Momo,Mina,2.2,Signal,2017
"00:00:35,200","00:00:37,200",jageun hwamyeon soge naega ,Jihyo,,2.0,Likey,2017
"00:00:35,340","00:00:36,700",jigeumiya,Tzuyu,,1.36,HeartShaker,2017
"00:00:36,480","00:00:38,390",bonamana tto Playboy,Momo,,1.91,KnockKnock,2017
"00:00:36,800","00:00:37,940",Girl you can do it,Chaeyoung,,1.14,HeartShaker,2017
"00:00:37,200","00:00:38,600",jeil yeppeo boigopa,Jihyo,,1.4,Likey,2017
"00:00:37,500","00:00:41,560",nunjitdo sonjitdo eotteon pyojeongdo,Jeongyeon,,4.06,Signal,2017
"00:00:38,020","00:00:39,680",nuni majuchigo itjana,Tzuyu,,1.66,HeartShaker,2017
"00:00:38,390","00:00:39,999",tteobonamana Bad boy,Momo,,1.609,KnockKnock,2017
"00:00:39,500","00:00:41,940",ajigeun gamchweo ireon nae maeum kkukkuk,Jihyo,,2.44,Likey,2017
"00:00:39,720","00:00:40,820",Love is timing,Dahyun,,1.1,HeartShaker,2017
"00:00:39,999","00:00:42,239",hwakshini piryohae,Mina,,2.24,KnockKnock,2017
"00:00:40,880","00:00:42,460",notchimyeon huhwehaljji molla,Mina,,1.58,HeartShaker,2017
"00:00:41,720","00:00:46,040",soyongi eomne hanado an tonghae,Jeongyeon,,4.32,Signal,2017
"00:00:42,239","00:00:43,739",knock knock,Sana,,1.5,KnockKnock,2017
"00:00:42,260","00:00:46,280",meot burindaneun geon jeongmal gwichaneun geo,Jeongyeon,,4.02,Likey,2017
"00:00:42,540","00:00:44,940",love is coming coming jomman deo yonggireul nae,Dahyun,Chaeyoung,2.4,HeartShaker,2017
"00:00:43,739","00:00:46,769",nae mami yeollige dudeuryeojweo,Nayeon,Sana,3.03,KnockKnock,2017
"00:00:45,060","00:00:47,060",deoneun mangseoriji ma,Jihyo,,2.0,HeartShaker,2017
"00:00:46,560","00:00:49,840",geureotago jeolttae daechunghal suga eomneungeol,Jeongyeon,,3.28,Likey,2017
"00:00:46,580","00:00:50,260",nunchido kochido jeonhyeo eomna bwa,Chaeyoung,,3.68,Signal,2017
"00:00:46,769","00:00:50,579",sege kung kung dashi hanbeon kung kung,Nayeon,Sana,3.81,KnockKnock,2017
"00:00:47,200","00:00:53,240",isanghage saenggakaedo  eojjeol su eopseo banhaesseunikka,Nayeon,,6.04,HeartShaker,2017
"00:00:50,100","00:00:52,100",maeil gaseum ttwige hae,Tzuyu,,2.0,Likey,2017
"00:00:50,579","00:00:52,850","Baby, knock knock knock knock, knock on my door",Mina,Tzuyu,2.271,KnockKnock,2017
"00:00:50,840","00:00:55,240",deo isang eotteoke nae mameul pyohyeonhae,Chaeyoung,,4.4,Signal,2017
"00:00:52,240","00:00:54,620", igeon niga mollayaman dwae,Tzuyu,,2.38,Likey,2017
"00:00:52,850","00:00:54,230",Knock knock knock knock knock,Mina,Tzuyu,1.38,KnockKnock,2017
"00:00:53,320","00:00:55,320","You’re my heart shaker, shaker",Tzuyu,,2.0,HeartShaker,2017
"00:00:54,230","00:00:58,685",swipge yeollijineun aneul geoya,Nayeon,,4.455,KnockKnock,2017
"00:00:55,240","00:00:57,240",geureomyeonseo ppeonppeonhage,Nayeon,,2.0,Likey,2017
"00:00:55,380","00:01:02,640",eonjebuteonga nan niga joa jigi shijakaesseo baboya,Jihyo,,7.26,Signal,2017
"00:00:55,420","00:00:56,520",notchigi shireo,Sana,,1.1,HeartShaker,2017
"00:00:56,560","00:00:57,940","You’re my heart shaker, shaker",Tzuyu,,1.38,HeartShaker,2017
"00:00:57,240","00:00:59,460",BBkeurim papapa,Momo,,2.22,Likey,2017
"00:00:58,000","00:00:58,660",eotteokae,Momo,,0.66,HeartShaker,2017
"00:00:58,685","00:01:01,646",naeildo moredo dashi wajweo,Jihyo,,2.961,KnockKnock,2017
"00:00:58,760","00:01:04,920",babocheoreom an gidaryeo  naega malhallae banhaebeoryeottago,Nayeon,,6.16,HeartShaker,2017
"00:00:59,520","00:01:00,920", ripseutigeul mammamma,Momo,,1.4,Likey,2017
"00:01:01,200","00:01:03,780", kamerae damabolkka yeppeuge,Momo,,2.58,Likey,2017
"00:01:01,646","00:01:05,426",junbihago gidarilkke,Jihyo,,3.78,KnockKnock,2017
"00:01:02,640","00:01:04,840",wae ireokedo nae mameul molla,Jihyo,,2.2,Signal,2017
"00:01:04,200","00:01:05,520",igeo bomyeon useo jweo,Tzuyu,,1.32,Likey,2017
"00:01:05,000","00:01:08,920",niga mame deundago  haru jongil bogo shipdago,Jihyo,,3.92,HeartShaker,2017
"00:01:05,160","00:01:10,720",eonjekkaji ireoke dunhage nareul chinguroman daehallae,Nayeon,,5.56,Signal,2017
"00:01:05,426","00:01:07,837","Baby, knock knock knock knock, knock on my door",Momo,Sana,2.411,KnockKnock,2017
"00:01:06,080","00:01:07,640", geurigo kkok,Tzuyu,,1.56,Likey,2017
"00:01:07,640","00:01:08,820", nulleo jweo,Tzuyu,,1.18,Likey,2017
"00:01:07,837","00:01:09,180",Knock knock knock knock knock,Momo,Sana,1.343,KnockKnock,2017
"00:01:08,820","00:01:12,400", jeo mite angjeungmatgo saeppalgan,Tzuyu,,3.58,Likey,2017
"00:01:08,940","00:01:11,680", Would you be my love,Jihyo,,2.74,HeartShaker,2017
"00:01:09,180","00:01:12,213",deureodo gyesok deutgo shipeun geol,Jihyo,,3.033,KnockKnock,2017
"00:01:11,000","00:01:14,160",naega weonhaneun geon geuge aninde,Nayeon,,3.16,Signal,2017
"00:01:11,780","00:01:13,440",banhaebeoryeosseunikka,Sana,,1.66,HeartShaker,2017
"00:01:12,213","00:01:14,900",Knock on my door,Jihyo,,2.687,KnockKnock,2017
"00:01:12,640","00:01:14,740",geunde joayoran mareun ppeonhae,Mina,,2.1,Likey,2017
"00:01:14,200","00:01:16,400",Signal bonae Signal bonae,Tzuyu,,2.2,Signal,2017
"00:01:14,900","00:01:16,833",piryo eopseo Gold key or get lucky,Chaeyoung,,1.933,KnockKnock,2017
"00:01:15,000","00:01:19,100", nae mam pyohyeonhagien bujokande,Mina,,4.1,Likey,2017
"00:01:15,760","00:01:18,960",pyojeonggwalli hae eosaekaji anke,Jeongyeon,,3.2,HeartShaker,2017
"00:01:16,400","00:01:18,620","Jjirit, jjirit, jjirit, jjirit",Tzuyu,,2.22,Signal,2017
"00:01:16,833","00:01:18,793",jinshimimyeon Everything’s gonna be okay,Chaeyoung,,1.96,KnockKnock,2017
"00:01:18,700","00:01:23,080",nan neoreul weonhae nan neoreul weonhae wae baneungi eomni,Tzuyu,,4.38,Signal,2017
"00:01:18,793","00:01:22,523",eotteokae beolsseo wanna bwa jamshiman gidaryeo jullaeyo,Dahyun,,3.73,KnockKnock,2017
"00:01:19,080","00:01:21,880", maltuneun Cool cool  ginjanghal piryo eopseo,Jeongyeon,,2.8,HeartShaker,2017
"00:01:19,260","00:01:21,260",geunde joayo,Nayeon,,2.0,Likey,2017
"00:01:21,540","00:01:22,040", jamdo mot jado,Nayeon,,0.5,Likey,2017
"00:01:21,920","00:01:23,120",yeah yeah yeah yeah,Tzuyu,,1.2,HeartShaker,2017
"00:01:22,160","00:01:26,100", jigakage dwaedo joeungeol,Nayeon,,3.94,Likey,2017
"00:01:22,523","00:01:24,523",honja isseul ttae huk deureowa,Jeongyeon,,2.0,KnockKnock,2017
"00:01:23,240","00:01:24,840",jeongshin bajjak charigo jipjunghae,Chaeyoung,,1.6,HeartShaker,2017
"00:01:23,280","00:01:25,220",mannal ttae mada maeumeul dama,Sana,,1.94,Signal,2017
"00:01:24,523","00:01:26,425",jeongshin eopshi nal heundeureo nwa,Jeongyeon,,1.902,KnockKnock,2017
"00:01:24,900","00:01:26,100",No no no no,Momo,,1.2,HeartShaker,2017
"00:01:25,340","00:01:27,700",jjirit jjirit jjirit jjirit,Sana,,2.36,Signal,2017
"00:01:26,200","00:01:27,760",eotteokae ttokbaro mot bogesseo,Dahyun,,1.56,HeartShaker,2017
"00:01:26,340","00:01:29,580",seollenda heart Me likey Me likey likey likey,Sana,,3.24,Likey,2017
"00:01:26,425","00:01:30,125",jigeumi ttak neol wihan showtime make it yours,Jeongyeon,,3.7,KnockKnock,2017
"00:01:27,000","00:01:27,960",jigeumiya,Tzuyu,,0.96,HeartShaker,2017
"00:01:27,700","00:01:32,300",gidarijana da boijana wae alji motani,Sana,,4.6,Signal,2017
"00:01:28,000","00:01:28,860",Girl you can do it,Chaeyoung,,0.86,HeartShaker,2017
"00:01:28,940","00:01:30,640",nuni majuchigo itjana,Tzuyu,,1.7,HeartShaker,2017
"00:01:29,580","00:01:31,400",Me likey likey likey,Sana,,1.82,Likey,2017
"00:01:30,125","00:01:33,063",daeng daeng ullimyeon maeil chajawajullae,Tzuyu,Sana,2.938,KnockKnock,2017
"00:01:30,700","00:01:31,820",Love is timing,Dahyun,,1.12,HeartShaker,2017
"00:01:31,880","00:01:33,340",notchimyeon huhwehaljji molla,Mina,,1.46,HeartShaker,2017
"00:01:31,960","00:01:34,640",dugeun dugeun dugeun,Dahyun,,2.68,Likey,2017
"00:01:32,300","00:01:34,220",Trying to let you know,Dahyun,,1.92,Signal,2017
"00:01:33,063","00:01:37,383",Turn round round will only make you fall asleep,Mina,,4.32,KnockKnock,2017
"00:01:33,380","00:01:36,100",love is coming coming jomman deo yonggireul nae,Dahyun,Chaeyoung,2.72,HeartShaker,2017
"00:01:34,220","00:01:36,600",Sign-eul bonae Signal bonae,Dahyun,,2.38,Signal,2017
"00:01:34,780","00:01:38,620",Me Likey Me Likey Likey Likey,Jihyo,,3.84,Likey,2017
"00:01:36,240","00:01:38,000",deoneun mangseoriji ma,Jihyo,,1.76,HeartShaker,2017
"00:01:36,600","00:01:38,880",I must let you know,Chaeyoung,,2.28,Signal,2017
"00:01:37,383","00:01:41,083","Knock knock knock knock, knock on my door",Sana,,3.7,KnockKnock,2017
"00:01:38,060","00:01:44,020",isanghage saenggakaedo  eojjeol su eopseo banhaesseunikka,Nayeon,,5.96,HeartShaker,2017
"00:01:38,820","00:01:41,480",dugeun dugeun dugeun,Chaeyoung,,2.66,Likey,2017
"00:01:38,880","00:01:42,260",Sign-eul bonae Signal bonae,Chaeyoung,,3.38,Signal,2017
"00:01:41,083","00:01:44,843","Come in, come in, come in baby, take my hands",Chaeyoung,,3.76,KnockKnock,2017
"00:01:41,780","00:01:44,140",sumeul hup chama jipeoreul ollige,Jihyo,,2.36,Likey,2017
"00:01:42,440","00:01:46,120",neol bomyeo useumyeon arachaeyaji,Jeongyeon,,3.68,Signal,2017
"00:01:44,280","00:01:45,780",dashi hanbeon heorireul hup,Jeongyeon,,1.5,Likey,2017
"00:01:44,560","00:01:46,280","You’re my heart shaker, shaker",Tzuyu,,1.72,HeartShaker,2017
"00:01:44,843","00:01:47,573",nae mami yeollige dudeuryeojweo,Sana,,2.73,KnockKnock,2017
"00:01:45,940","00:01:49,080",eurachachacha da ibeotta Baby,Jihyo,,3.14,Likey,2017
"00:01:46,120","00:01:49,880",oneulman myeot beonjjae neol bomyeo unneunde,Jeongyeon,,3.76,Signal,2017
"00:01:46,400","00:01:47,460",notchigi shireo,Sana,,1.06,HeartShaker,2017
"00:01:47,540","00:01:49,260","You’re my heart shaker, shaker",Tzuyu,,1.72,HeartShaker,2017
"00:01:47,573","00:01:51,473",sege kung kung dashi hanbeon kung kung,Sana,,3.9,KnockKnock,2017
"00:01:49,200","00:01:53,340",sesangen yeppeun oshi neomunado manko mana,Jeongyeon,,4.14,Likey,2017
"00:01:49,400","00:01:50,000",eotteokae,Momo,,0.6,HeartShaker,2017
"00:01:50,040","00:01:56,060",babocheoreom an gidaryeo  naega malhallae banhaebeoryeottago,Nayeon,,6.02,HeartShaker,2017
"00:01:50,160","00:01:54,960",jakku mareul geolmyeon jom neukkyeoyaji,Mina,,4.8,Signal,2017
"00:01:51,473","00:01:53,823","Baby, knock knock knock knock, knock on my door",Mina,Tzuyu,2.35,KnockKnock,2017
"00:01:53,340","00:01:55,080",(Woah~),Jihyo,,1.74,Likey,2017
"00:01:53,823","00:01:55,124",Knock knock knock knock knock,Mina,Tzuyu,1.301,KnockKnock,2017
"00:01:55,080","00:01:57,340",BBkeurim papapa,Momo,,2.26,Likey,2017
"00:01:55,124","00:01:59,514",swipge yeollijineun aneul geoya,Nayeon,,4.39,KnockKnock,2017
"00:01:55,180","00:01:59,760",gyesok ni gyeote meomulleoinneunde,Mina,,4.58,Signal,2017
"00:01:56,160","00:02:00,200",niga mame deundago  haru jongil bogo shipdago,Jihyo,,4.04,HeartShaker,2017
"00:01:57,420","00:01:59,100", ripseutigeul mammamma,Momo,,1.68,Likey,2017
"00:01:59,420","00:02:02,060", kamerae damabolkka yeppeuge,Momo,,2.64,Likey,2017
"00:01:59,514","00:02:02,434",naeildo moredo dashi wajweo,Jihyo,,2.92,KnockKnock,2017
"00:01:59,760","00:02:06,660",eonjebuteonga nan niga joa jigi shijakaesseo baboya,Jihyo,,6.9,Signal,2017
"00:02:00,300","00:02:02,300", Would you be my love,Jihyo,,2.0,HeartShaker,2017
"00:02:02,280","00:02:04,280",igeo bomyeon useo jweo,Tzuyu,,2.0,Likey,2017
"00:02:02,400","00:02:04,400",banhaebeoryeosseunikka,Sana,,2.0,HeartShaker,2017
"00:02:02,434","00:02:06,494",junbihago gidarilkke,Jihyo,,4.06,KnockKnock,2017
"00:02:04,280","00:02:05,440", geurigo kkok,Tzuyu,,1.16,Likey,2017
"00:02:04,440","00:02:10,740",neodo nal weonhage dwel kkeoya  nal saranghage dwel kkeol,Mina,,6.3,HeartShaker,2017
"00:02:05,460","00:02:06,120", nulleo jweo,Tzuyu,,0.66,Likey,2017
"00:02:06,360","00:02:10,280", jeo mite angjeungmatgo saeppalgan,Tzuyu,,3.92,Likey,2017
"00:02:06,494","00:02:08,714","Baby, knock knock knock knock, knock on my door",Momo,Sana,2.22,KnockKnock,2017
"00:02:07,260","00:02:10,020",wae ireokedo nae mameul molla,Jihyo,,2.76,Signal,2017
"00:02:08,714","00:02:09,864",Knock knock knock knock knock,Momo,Sana,1.15,KnockKnock,2017
"00:02:09,864","00:02:13,185",deureodo gyesok deutgo shipeun geol,Jihyo,,3.321,KnockKnock,2017
"00:02:10,020","00:02:15,460",eonjekkaji ireoke dunhage nareul chinguroman daehallae,Nayeon,,5.44,Signal,2017
"00:02:10,820","00:02:13,640",geunde joayoran mareun ppeonhae,Mina,,2.82,Likey,2017
"00:02:10,880","00:02:15,520",ganjeolhi bara neodo  nawa gatgireul Oh yeah,Jihyo,,4.64,HeartShaker,2017
"00:02:13,185","00:02:13,900",Knock on my door,Jihyo,,0.715,KnockKnock,2017
"00:02:13,960","00:02:17,080", nae mam pyohyeonhagien bujokande,Mina,,3.12,Likey,2017
"00:02:15,460","00:02:18,520",naega weonhaneun geon geuge aninde,Nayeon,,3.06,Signal,2017
"00:02:15,560","00:02:17,120",oh yeah,Jihyo,,1.56,HeartShaker,2017
"00:02:17,180","00:02:19,860",mangseoriji ma meonjeo dagaga,Momo,,2.68,HeartShaker,2017
"00:02:17,560","00:02:19,220",geunde joayo,Nayeon,,1.66,Likey,2017
"00:02:18,840","00:02:20,940",Signal bonae Signal bonae,Tzuyu,,2.1,Signal,2017
"00:02:19,220","00:02:19,720", jamdo mot jado,Nayeon,,0.5,Likey,2017
"00:02:19,860","00:02:23,000",sarangeul malhae jujeo haji ma,Tzuyu,,3.14,HeartShaker,2017
"00:02:20,100","00:02:24,960", jigakage dwaedo joeungeol,Nayeon,,4.86,Likey,2017
"00:02:20,940","00:02:22,940","Jjirit, jjirit, jjirit, jjirit",Tzuyu,,2.0,Signal,2017
"00:02:22,940","00:02:27,440",nan neoreul weonhae nan neoreul weonhae wae baneungi eomni,Tzuyu,,4.5,Signal,2017
"00:02:23,100","00:02:25,860","Come baby, be my, be my, be my love",Chaeyoung,,2.76,HeartShaker,2017
"00:02:25,960","00:02:27,840","Come baby, bae, bae, bae, bae",Momo,,1.88,HeartShaker,2017
"00:02:26,000","00:02:27,200",geujeo barabogo itji,Jihyo,,1.2,Likey,2017
"00:02:27,440","00:02:30,580",mannal ttae mada maeumeul dama,Sana,,3.14,Signal,2017
"00:02:27,940","00:02:33,840",isanghage saenggakaedo  eojjeol su eopseo banhaesseunikka,Nayeon,Jihyo,5.9,HeartShaker,2017
"00:02:29,280","00:02:30,860", amu maldo hal su eopji,Jihyo,,1.58,Likey,2017
"00:02:30,580","00:02:32,180",jjirit jjirit jjirit jjirit,Sana,,1.6,Signal,2017
"00:02:32,180","00:02:37,320",gidarijana da boijana wae alji motani,Sana,,5.14,Signal,2017
"00:02:32,880","00:02:33,800",Oh~,Jihyo,,0.92,Likey,2017
"00:02:34,060","00:02:36,780",geunde joayo jamdo mot jado,Nayeon,,2.72,Likey,2017
"00:02:34,300","00:02:36,300","You’re my heart shaker, shaker",Tzuyu,,2.0,HeartShaker,2017
"00:02:36,360","00:02:37,320",notchigi shireo,Sana,,0.96,HeartShaker,2017
"00:02:37,360","00:02:38,820","You’re my heart shaker, shaker",Tzuyu,,1.46,HeartShaker,2017
"00:02:37,840","00:02:39,900", jigakage dwaedo joeungeol,Nayeon,,2.06,Likey,2017
"00:02:38,860","00:02:39,640",eotteokae,Momo,,0.78,HeartShaker,2017
"00:02:39,740","00:02:45,320",babocheoreom an gidaryeo  naega malhallae joahandago,Nayeon,,5.58,HeartShaker,2017
"00:02:41,760","00:02:43,200",Uh oneulttara gibuni kkulkkulhae,Dahyun,,1.44,Likey,2017
"00:02:43,780","00:02:45,080", an geureoncheokae bwado seulpeunyae,Dahyun,,1.3,Likey,2017
"00:02:43,920","00:02:45,880",wae baneungi eomni,Jihyo,,1.96,Signal,2017
"00:02:45,400","00:02:49,720",niga mame deundago  haru jongil bogo shipdago,Jihyo,,4.32,HeartShaker,2017
"00:02:46,020","00:02:47,000",amu baneung eomneun neo ttaeme ppijeonneunde,Chaeyoung,,0.98,Likey,2017
"00:02:46,424","00:02:48,294","Hey, hey",Mina,,1.87,KnockKnock,2017
"00:02:47,240","00:02:48,840", nunchi eopshi chingudeuri naorago bureune,Chaeyoung,,1.6,Likey,2017
"00:02:48,294","00:02:52,260",i shigani jinamyeon,Mina,,3.966,KnockKnock,2017
"00:02:49,500","00:02:52,860",Oh jamkkanman jamkkanman yeollagi ijeya oneungeol Woo,Dahyun,,3.36,Likey,2017
"00:02:49,800","00:02:51,420",saranghandago,Sana,,1.62,HeartShaker,2017
"00:02:51,500","00:02:53,500",banhaebeoryeottago,Mina,,2.0,HeartShaker,2017
"00:02:52,260","00:02:56,384",gudeoitteon nae mami nae nae mami,Tzuyu,,4.124,KnockKnock,2017
"00:02:52,960","00:02:55,120",wae alji motani,Nayeon,,2.16,Signal,2017
"00:02:53,140","00:02:54,820",harujongil gibuni watta gatta,Chaeyoung,,1.68,Likey,2017
"00:02:55,120","00:02:59,540",Sign-eul bonae Signal bonae geunde jeonhyeo an tonghae,Momo,,4.42,Signal,2017
"00:02:55,380","00:02:55,900",you're mine,Nayeon,,0.52,HeartShaker,2017
"00:02:55,380","00:02:56,520", uldagado dashi shinnaseo chumchune,Chaeyoung,,1.14,Likey,2017
"00:02:55,900","00:02:56,900",be mine,Momo,,1.0,HeartShaker,2017
"00:02:56,384","00:02:59,194",Ice cream-cheoreom noga beoril tenikka,Dahyun,,2.81,KnockKnock,2017
"00:02:56,900","00:02:57,100",you're mine,Nayeon,,0.2,HeartShaker,2017
"00:02:57,100","00:02:58,000",be mine,Momo,,0.9,HeartShaker,2017
"00:02:59,194","00:03:00,594",Come knock on my door,Jihyo,,1.4,KnockKnock,2017
"00:03:00,040","00:03:02,360",nunbicheul bonae nunchireul june ,Mina,,2.32,Signal,2017
"00:03:00,594","00:03:03,374",nae mami yeollige dudeuryeojweo,Nayeon,Jeongyeon,2.78,KnockKnock,2017
"00:03:00,960","00:03:03,360",joahandago malhallae,Jihyo,,2.4,HeartShaker,2017
"00:03:02,360","00:03:04,220",geunde mot aradeunne,Mina,,1.86,Signal,2017
"00:03:03,374","00:03:07,154", sege kung kung dashi hanbeon kung kung,Nayeon,Jeongyeon,3.78,KnockKnock,2017
"00:03:03,460","00:03:04,580",banhaesseunikka,Nayeon,,1.12,HeartShaker,2017
"00:03:04,400","00:03:07,260",dapdapaeseo michigetta jeongmal,Momo,,2.86,Signal,2017
"00:03:07,154","00:03:09,514","Baby, knock knock knock knock, knock on my door",Dahyun,Chaeyoung,2.36,KnockKnock,2017
"00:03:07,720","00:03:09,900",wae geureonji moreugetta jeongmal,Mina,,2.18,Signal,2017
"00:03:09,514","00:03:10,894",Knock knock knock knock knock,Dahyun,Chaeyoung,1.38,KnockKnock,2017
"00:03:10,140","00:03:11,780",dashi han beon himeul naeseo,Momo,,1.64,Signal,2017
"00:03:10,620","00:03:13,300",seollenda heart Me likey Me likey likey likey,Sana,,2.68,Likey,2017
"00:03:10,894","00:03:15,220",swipge yeollijineun aneul geoya,Nayeon,,4.326,KnockKnock,2017
"00:03:12,120","00:03:14,140",Sign-eul bonae Signal bonae,Momo,Mina,2.02,Signal,2017
"00:03:14,000","00:03:14,680",Me likey likey likey,Sana,,0.68,Likey,2017
"00:03:15,220","00:03:18,174",naeildo moredo dashi wajweo,Jeongyeon,Jihyo,2.954,KnockKnock,2017
"00:03:15,800","00:03:17,780",dugeun dugeun dugeun,Dahyun,,1.98,Likey,2017
"00:03:18,174","00:03:22,254",junbihago gidarilkke,Jeongyeon,Jihyo,4.08,KnockKnock,2017
"00:03:18,580","00:03:22,540",Me Likey Me Likey Likey Likey Me Likey Likey Likey,Jihyo,,3.96,Likey,2017
"00:03:22,254","00:03:24,354","Baby, knock knock knock knock, knock on my door",Momo,Tzuyu,2.1,KnockKnock,2017
"00:03:23,160","00:03:25,180",dugeun dugeun dugeun,Chaeyoung,,2.02,Likey,2017
"00:03:24,354","00:03:25,704",Knock knock knock knock knock,Momo,Tzuyu,1.35,KnockKnock,2017
"00:03:25,704","00:03:28,894",deureodo gyesok deutgo shipeun geol,Jihyo,,3.19,KnockKnock,2017
"00:03:30,244","00:03:33,654",Knock knock knock knock on my door,Mina,,3.41,KnockKnock,2017
"00:03:33,654","00:03:37,144","I’m freakin’ freakin’ out, freakin’ out out, knock knock",Chaeyoung,,3.49,KnockKnock,2017
"00:03:37,144","00:03:40,934",Knock knock knock knock on my door,Nayeon,,3.79,KnockKnock,2017
"00:03:40,934","00:03:44,700",Knock knock knock knock knock on my door,Nayeon,,3.766,KnockKnock,2017
"00:00:00,420","00:00:08,220",Nanananananana nanananananana,Mina,,7.8,DanceTheNightAway,2018
"00:00:00,640","00:00:05,740",Hey boy,Mina,,5.1,YesOrYes,2018
"00:00:06,100","00:00:08,100","Look, I’m gonna make this simple for you",Mina,,2.0,YesOrYes,2018
"00:00:08,240","00:00:16,000",You and me in the moonlight byeol kkot chukje yeollin bam,Nayeon,,7.76,DanceTheNightAway,2018
"00:00:08,440","00:00:12,660",You got two choices… YES or YES?,Mina,,4.22,YesOrYes,2018
"00:00:11,360","00:00:13,800",maeilgachi yeonghwa sogeseona,Nayeon,,2.44,WhatIsLove,2018
"00:00:13,800","00:00:17,860",chaek sogeseona deurama sogeseo sarangeul neukkyeo,Nayeon,,4.06,WhatIsLove,2018
"00:00:15,560","00:00:19,000",Haaa~!,Tzuyu,,3.44,YesOrYes,2018
"00:00:16,079","00:00:24,600",pado sorireul teulgo chumeul chuneun i sungan i neukkim jeongmal ttagya,Sana,,8.521,DanceTheNightAway,2018
"00:00:17,960","00:00:19,060",Mmm ,Nayeon,,1.1,WhatIsLove,2018
"00:00:19,000","00:00:22,460","Choose only one, come on, yes or yes?",Jihyo,,3.46,YesOrYes,2018
"00:00:19,060","00:00:21,920",sarangeul baeweo,Nayeon,,2.86,WhatIsLove,2018
"00:00:22,680","00:00:25,740",Haaa~!,Tzuyu,,3.06,YesOrYes,2018
"00:00:22,840","00:00:25,060",nae ilcheoreom jakku gaseumi ttwieo,Jeongyeon,,2.22,WhatIsLove,2018
"00:00:24,640","00:00:32,640",badaya uriwa gachi nora barama neodo ijjogeuro wa,Momo,,8.0,DanceTheNightAway,2018
"00:00:25,120","00:00:29,200",dugeundugeungeoryeo seolleime bupureo olla,Jeongyeon,,4.08,WhatIsLove,2018
"00:00:25,740","00:00:29,420","Choose only one, come on, yes or yes?",Jihyo,,3.68,YesOrYes,2018
"00:00:29,560","00:00:30,360",Mmm ,Jeongyeon,,0.8,WhatIsLove,2018
"00:00:29,720","00:00:33,180",naega ireokedo igijeogieotteonga,Jeongyeon,,3.46,YesOrYes,2018
"00:00:30,580","00:00:33,740",gunggeumhaeseo michil geonman gata,Jeongyeon,,3.16,WhatIsLove,2018
"00:00:32,680","00:00:36,700",dalppit jomyeong araeseo neowa nawa sesanggwa,Jeongyeon,,4.02,DanceTheNightAway,2018
"00:00:33,180","00:00:39,880",mweonga ireoke gatgo shipdeon jeok isseonna,Jeongyeon,,6.7,YesOrYes,2018
"00:00:34,240","00:00:39,220",Ooh eonjengan naegedo ireon iri shiljero ireonalkka,Mina,,4.98,WhatIsLove,2018
"00:00:36,740","00:00:40,780","da gachi Party all night long Yeah, it's good",Jeongyeon,,4.04,DanceTheNightAway,2018
"00:00:39,880","00:00:41,880",da nolla nae ppeonppeonhame,Jeongyeon,,2.0,YesOrYes,2018
"00:00:40,800","00:00:44,420",geuge eonjejjeumilkka? eotteon saramilkka?,Chaeyoung,,3.62,WhatIsLove,2018
"00:00:40,820","00:00:43,080",If you wanna have some fun ,Tzuyu,,2.26,DanceTheNightAway,2018
"00:00:43,120","00:00:44,960",jjapjjalhan gonggicheoreom,Tzuyu,,1.84,DanceTheNightAway,2018
"00:00:43,880","00:00:49,920",saenggakboda gwagamhaejin naye Scenario,Mina,,6.04,YesOrYes,2018
"00:00:44,980","00:00:49,160",i sungane teukbyeolhan haengbogeul notchiji ma,Tzuyu,,4.18,DanceTheNightAway,2018
"00:00:45,320","00:00:47,540",satangcheoreom dalkomhadaneunde,Sana,,2.22,WhatIsLove,2018
"00:00:48,140","00:00:50,380",haneureul naneun geot gattaneunde,Sana,,2.24,WhatIsLove,2018
"00:00:49,240","00:00:53,000","One, two, three, let's go jeo uju wiro",Mina,,3.76,DanceTheNightAway,2018
"00:00:49,920","00:00:56,180",i jeongdo peullaenimyeon wanbyeokae manjokae I don’t care nuga mweoraedo,Mina,,6.26,YesOrYes,2018
"00:00:53,080","00:00:57,380",naragal deut chumchureo ga hey Let's dance the night away,Mina,,4.3,DanceTheNightAway,2018
"00:00:53,220","00:00:55,840",sarangi eotteon neukkiminji,Sana,,2.62,WhatIsLove,2018
"00:00:56,800","00:00:58,660",haru jongil utgo ittaneunde,Tzuyu,,1.86,WhatIsLove,2018
"00:00:57,740","00:01:03,240",nae mameun jeonghaesseo YES or YES geureom ije ni daedabeul deureul charye,Sana,,5.5,YesOrYes,2018
"00:00:59,520","00:01:01,480",sesangi da areumdapdaneunde,Tzuyu,,1.96,WhatIsLove,2018
"00:00:59,660","00:01:02,260",Let's dance the night away,Chaeyoung,,2.6,DanceTheNightAway,2018
"00:01:03,240","00:01:10,580",himdeulmyeon bogireul julkke neon goreugiman hae gominhal piryodo eopge haejulkke,Tzuyu,,7.34,YesOrYes,2018
"00:01:04,080","00:01:05,160",Yeah~,Jihyo,,1.08,DanceTheNightAway,2018
"00:01:04,519","00:01:07,760",eonjengan naegedo sarangi olkka,Tzuyu,,3.241,WhatIsLove,2018
"00:01:05,300","00:01:11,900","One, two, three, let's go jeo bada geonneo deullil deut sori jilleo",Jihyo,,6.6,DanceTheNightAway,2018
"00:01:07,760","00:01:10,160",jigeum ireon sangsangmaneurodo,Jihyo,,2.4,WhatIsLove,2018
"00:01:10,160","00:01:11,520",tteoollyeoman bwado ,Jihyo,,1.36,WhatIsLove,2018
"00:01:10,580","00:01:13,940",mweol goreulji molla junbihaebwasseo,Nayeon,,3.36,YesOrYes,2018
"00:01:11,520","00:01:14,320",gaseumi teojil geot gateunde,Jihyo,,2.8,WhatIsLove,2018
"00:01:12,000","00:01:13,480",Let's dance the night away,Jihyo,,1.48,DanceTheNightAway,2018
"00:01:13,380","00:01:17,380","Dance the night away, lets dance the night away",Dahyun,,4.0,DanceTheNightAway,2018
"00:01:14,480","00:01:15,760",um...........,Jihyo,,1.28,WhatIsLove,2018
"00:01:15,760","00:01:17,540",ireoke joeunde,Jihyo,,1.78,WhatIsLove,2018
"00:01:17,380","00:01:21,380","Dance the night away, lets dance the night away",Chaeyoung,,4.0,DanceTheNightAway,2018
"00:01:17,880","00:01:21,520",ni maeumeul molla junbihaebwasseo,Jihyo,,3.64,YesOrYes,2018
"00:01:19,300","00:01:21,700",manil eonjenga jinjjaro naege,Momo,,2.4,WhatIsLove,2018
"00:01:21,700","00:01:22,960",sarangi ol ttae ,Momo,,1.26,WhatIsLove,2018
"00:01:21,720","00:01:29,520",You and me in this cool night miso jinneun banjjok dal,Sana,,7.8,DanceTheNightAway,2018
"00:01:22,960","00:01:25,460",nan ureobeoriljido molla,Momo,,2.5,WhatIsLove,2018
"00:01:24,820","00:01:26,443",shireoneun shireo,Jeongyeon,,1.623,YesOrYes,2018
"00:01:26,060","00:01:27,040",um.........,Momo,,0.98,WhatIsLove,2018
"00:01:26,443","00:01:27,900",na animyeon uri?,Momo,,1.457,YesOrYes,2018
"00:01:27,080","00:01:30,460", jeongmal gunggeumhae michil geonman gata,Momo,,3.38,WhatIsLove,2018
"00:01:27,900","00:01:29,913",seontaegeul jonjunghae,Jeongyeon,,2.013,YesOrYes,2018
"00:01:29,560","00:01:37,940","geu eonjenga neowa na jeo dal dwinmyeoneuro ga patireul yeolgiro yaksok Yeah, it's good",Tzuyu,,8.38,DanceTheNightAway,2018
"00:01:29,913","00:01:31,740",geojeoreun geojeolhae,Dahyun,,1.827,YesOrYes,2018
"00:01:30,860","00:01:35,680",Ooh eonjengan naegedo ireon iri shiljero ireonalkka,Mina,,4.82,WhatIsLove,2018
"00:01:31,740","00:01:35,240",seontaekjineun hana ja seontaegeun ni mam,Jihyo,,3.5,YesOrYes,2018
"00:01:35,240","00:01:38,800",It’s all up to you,Tzuyu,,3.56,YesOrYes,2018
"00:01:36,920","00:01:40,580",geuge eonjejjeumilkka? eotteon saramilkka?,Dahyun,,3.66,WhatIsLove,2018
"00:01:37,960","00:01:41,980",If you wanna have some fun eunppit moraealcheoreom,Mina,,4.02,DanceTheNightAway,2018
"00:01:41,980","00:01:43,840",satangcheoreom dalkomhadaneunde,Sana,,1.86,WhatIsLove,2018
"00:01:42,020","00:01:46,020",i sungane teukbyeolhan haengbogeul notchiji ma,Mina,,4.0,DanceTheNightAway,2018
"00:01:42,240","00:01:43,796",jinsimilkka,Mina,,1.556,YesOrYes,2018
"00:01:43,796","00:01:43,796",Do not guess,Momo,,0.0,YesOrYes,2018
"00:01:43,796","00:01:45,538",Jinsimini,Mina,,1.742,YesOrYes,2018
"00:01:44,660","00:01:46,760",haneureul naneun geot gattaneunde,Sana,,2.1,WhatIsLove,2018
"00:01:45,538","00:01:46,100",Do not ask,Momo,,0.562,YesOrYes,2018
"00:01:46,100","00:01:49,820",aemaehan jwau malgo hwakshilhi wiaraero,Nayeon,,3.72,YesOrYes,2018
"00:01:46,140","00:01:52,640","One, two, three, let's go jeo uju wiro naragal deut chumchureo ga Hey ",Nayeon,,6.5,DanceTheNightAway,2018
"00:01:49,640","00:01:52,260",sarangi eotteon neukkiminji,Sana,,2.62,WhatIsLove,2018
"00:01:49,820","00:01:53,280",There’s no letters N & O jiweobeorillae oneulburo,Dahyun,,3.46,YesOrYes,2018
"00:01:52,680","00:01:54,480",Let's dance the night away,Nayeon,,1.8,DanceTheNightAway,2018
"00:01:53,180","00:01:55,120",haru jongil utgo ittaneunde,Tzuyu,,1.94,WhatIsLove,2018
"00:01:53,280","00:01:57,040",bokjapage gominhal piryo eopseo jeongdabeun YES YES YO,Chaeyoung,,3.76,YesOrYes,2018
"00:01:56,060","00:01:57,940",sesangi da areumdapdaneunde,Tzuyu,,1.88,WhatIsLove,2018
"00:01:56,620","00:01:59,040",Let's dance the night away,Momo,,2.42,DanceTheNightAway,2018
"00:01:57,040","00:02:02,400",eoptteon igishimdo jageukaneun neoye nungwa neol hyanghan hogishimi mannaseo,Jeongyeon,,5.36,YesOrYes,2018
"00:02:01,020","00:02:04,480",eonjengan naegedo sarangi olkka,Tzuyu,,3.46,WhatIsLove,2018
"00:02:01,200","00:02:09,140","One, two, three, let's go jeo bada geonneo deullil deut sori jilleo",Jeongyeon,,7.94,DanceTheNightAway,2018
"00:02:02,400","00:02:08,120",taolla taoreunda My heart burn burn burn!!,Momo,,5.72,YesOrYes,2018
"00:02:04,480","00:02:06,600",jigeum sesang eoneu gose salgo inneunji,Dahyun,,2.12,WhatIsLove,2018
"00:02:06,780","00:02:09,580",dodaeche eonjejjeum nawa mannage dwelleunji,Dahyun,,2.8,WhatIsLove,2018
"00:02:09,199","00:02:10,719",Let's dance the night away,Jeongyeon,,1.52,DanceTheNightAway,2018
"00:02:09,580","00:02:12,520",eonje eotteoke uriye inyeoneun,Dahyun,,2.94,WhatIsLove,2018
"00:02:10,380","00:02:15,740",jogeum shwipge malhajamyeon neon mweol gollado nal mannage dwel kkeoya,Sana,,5.36,YesOrYes,2018
"00:02:10,759","00:02:18,680",oneuri majimagin deut sori jilleo jeo meolli kkeudeopshi naraoreul deut himkkeot ttwieo deo nopi,Dahyun,,7.921,DanceTheNightAway,2018
"00:02:12,540","00:02:15,180",shijakdwelleunji moreujiman neukkimi eojjeonji,Dahyun,,2.64,WhatIsLove,2018
"00:02:15,240","00:02:20,780",jinjja joeul geot gata waenji yeonghwa deuramabodado deo meotjin,Chaeyoung,,5.54,WhatIsLove,2018
"00:02:15,740","00:02:23,120",mweo jom hwangdanghagin haedo eokjirago haedo jeolttae huhwehaji anke haejulkke,Mina,Jihyo,7.38,YesOrYes,2018
"00:02:18,700","00:02:22,620",oneuri majimagin deut sori jilleo jeo meolli,Mina,,3.92,DanceTheNightAway,2018
"00:02:20,780","00:02:23,580",sarangi ol kkeoya nae yegam eonjena majji,Chaeyoung,,2.8,WhatIsLove,2018
"00:02:22,660","00:02:25,300",ssodajineun byeolppitgwa,Momo,,2.64,DanceTheNightAway,2018
"00:02:23,120","00:02:27,700",mweol goreulji molla junbihaebwasseo,Nayeon,,4.58,YesOrYes,2018
"00:02:23,580","00:02:26,680",eoseo natanabwa naneun da junbiga dwaetji Ready!,Chaeyoung,,3.1,WhatIsLove,2018
"00:02:25,360","00:02:27,820",Let's dance the night away,Momo,Nayeon,2.46,DanceTheNightAway,2018
"00:02:26,680","00:02:28,660",eodi isseulkka,Nayeon,,1.98,WhatIsLove,2018
"00:02:28,660","00:02:29,760",chajanael kkeoya,Jeongyeon,,1.1,WhatIsLove,2018
"00:02:29,760","00:02:31,180",eodi isseulkka,Nayeon,,1.42,WhatIsLove,2018
"00:02:30,020","00:02:31,780",Let's dance the night away,Mina,,1.76,DanceTheNightAway,2018
"00:02:30,900","00:02:34,340",ni maeumeul molla junbihaebwasseo,Jihyo,,3.44,YesOrYes,2018
"00:02:31,180","00:02:33,160",bogo shipeo jukkesseo,Jeongyeon,,1.98,WhatIsLove,2018
"00:02:33,420","00:02:37,180",deo isang chameul su eopseul geonman gata,Nayeon,,3.76,WhatIsLove,2018
"00:02:33,960","00:02:35,080",Yeah~,Jihyo,,1.12,DanceTheNightAway,2018
"00:02:35,100","00:02:41,360","One, two, three, let's go jeo bada geonneo deullil deut sori jilleo",Jihyo,,6.26,DanceTheNightAway,2018
"00:02:37,660","00:02:40,240","satangcheoreom dalkomhadaneunde
haneureul naneun geot gattaneunde",Jihyo,,2.58,WhatIsLove,2018
"00:02:37,980","00:02:39,602",shireoneun shireo,Jeongyeon,,1.622,YesOrYes,2018
"00:02:39,602","00:02:41,282",na animyeon uri?,Momo,,1.68,YesOrYes,2018
"00:02:40,360","00:02:43,240",sarangi eotteon neukkiminji,Jihyo,,2.88,WhatIsLove,2018
"00:02:41,282","00:02:43,080",seontaegeul jonjunghae,Jeongyeon,,1.798,YesOrYes,2018
"00:02:41,400","00:02:43,400",Let's dance the night away,Jihyo,,2.0,DanceTheNightAway,2018
"00:02:43,080","00:02:40,980",geojeoreun geojeolhae,Dahyun,,-2.1,YesOrYes,2018
"00:02:44,200","00:02:49,800",Yeah~,Jihyo,,5.6,DanceTheNightAway,2018
"00:02:44,600","00:02:48,500",seontaekjineun hana ja seontaegeun ni mam,Jihyo,,3.9,YesOrYes,2018
"00:02:46,160","00:02:48,800",sarangi eotteon neukkiminji,Jihyo,,2.64,WhatIsLove,2018
"00:02:48,500","00:02:54,120",It's all up to you~!,Tzuyu,,5.62,YesOrYes,2018
"00:02:48,860","00:02:51,480",haru jongil utgo ittaneunde,Nayeon,,2.62,WhatIsLove,2018
"00:02:49,800","00:02:57,720",Let's dance the night away (4x),Nayeon,Jihyo,7.92,DanceTheNightAway,2018
"00:02:51,500","00:02:54,400",sesangi da areumdapdaneunde,Nayeon,,2.9,WhatIsLove,2018
"00:02:54,120","00:02:57,240",Maybe not NO NO Maybe yes NO NO!,Dahyun,ALL,3.12,YesOrYes,2018
"00:02:57,240","00:03:04,140",jom deo seonmyeonghage ni mameul naege boyeobwa,Jihyo,,6.9,YesOrYes,2018
"00:02:57,340","00:03:00,560",eonjengan naegedo sarangi olkka,Nayeon,,3.22,WhatIsLove,2018
"00:02:57,820","00:03:00,480",Let's dance the night away,Chaeyoung,,2.66,DanceTheNightAway,2018
"00:03:04,140","00:03:07,360",gwi giuryeobwa museun soriga deulliji anni?,Nayeon,,3.22,YesOrYes,2018
"00:03:21,740","00:03:24,680",gollabwa ja seontaegeun ni mam,Mina,,2.94,YesOrYes,2018
"00:03:24,680","00:03:28,060",mweol goreulji molla junbihaebwasseo,Nayeon,Jihyo,3.38,YesOrYes,2018
"00:03:28,260","00:03:31,700",dul junge hanaman golla yes or yes,Nayeon,,3.44,YesOrYes,2018
"00:03:31,700","00:03:35,400",ni maeumeul molla junbihaebwasseo,Jihyo,Nayeon,3.7,YesOrYes,2018
"00:03:35,400","00:03:39,180",hanaman seontaeghae eoseo Yes or Yes,Jihyo,,3.78,YesOrYes,2018
"00:03:39,180","00:03:40,400",shireoneun shireo,Jeongyeon,,1.22,YesOrYes,2018
"00:03:40,400","00:03:41,909",na animyeon uri?,Momo,,1.509,YesOrYes,2018
"00:03:41,909","00:03:43,854",seontaegeul jonjunghae,Jeongyeon,,1.945,YesOrYes,2018
"00:03:43,854","00:03:45,520",geojeoreun geojeolhae,Dahyun,Chaeyoung,1.666,YesOrYes,2018
"00:03:45,520","00:03:49,440",seontaekjineun hana ja seontaegeun ni mam,Jihyo,,3.92,YesOrYes,2018
"00:03:49,440","00:03:53,080",It's all up to you~!,Tzuyu,Jihyo,3.64,YesOrYes,2018
"00:00:13,700","00:00:18,900",geureon nari isseo,Chaeyoung,,5.2,FeelSpecial,2019
"00:00:14,020","00:00:18,040",jigeum haneul gureum saegeun Tropical yeah,Nayeon,,4.02,Fancy,2019
"00:00:18,040","00:00:21,620",jeo taeyang ppalganbit ne du bol gatae,Nayeon,,3.58,Fancy,2019
"00:00:18,900","00:00:23,600",gapjagi honjain geonman gateun nal eodil gado nae jariga anin geonman gatgo,Chaeyoung,,4.7,FeelSpecial,2019
"00:00:21,620","00:00:25,080","Oh, tell me I'm the only one babe",Mina,,3.46,Fancy,2019
"00:00:23,600","00:00:28,000",gogaen tteolgweojineun nal,Chaeyoung,,4.4,FeelSpecial,2019
"00:00:25,080","00:00:29,220","I fancy you, I fancy you. (TWICE!)",Mina,ALL,4.14,Fancy,2019
"00:00:28,000","00:00:33,000",geureol ttaemada naege eolmana naega sojunghanji,Tzuyu,,5.0,FeelSpecial,2019
"00:00:29,220","00:00:32,720",It’s dangerous ttakkeumhae neon jangmi gata,Jeongyeon,,3.5,Fancy,2019
"00:00:32,720","00:00:36,120",gwaenchana jogeumdo nan geomnaji ana,Jeongyeon,,3.4,Fancy,2019
"00:00:33,000","00:00:37,500",malhaejuneun neoye geu hanmadie,Tzuyu,,4.5,FeelSpecial,2019
"00:00:36,120","00:00:39,460",deo sege kkok jaba Take my hand,Momo,,3.34,Fancy,2019
"00:00:37,800","00:00:39,500",Everything’s alright,Momo,,1.7,FeelSpecial,2019
"00:00:39,460","00:00:43,660",jom wiheomhal geoya deo wiheomhal geoya Baby,Momo,,4.2,Fancy,2019
"00:00:39,500","00:00:42,800",chorahan Nobodyeseo dashi Somebody,Momo,,3.3,FeelSpecial,2019
"00:00:42,800","00:00:44,900",teukbyeolhan naro byeonhae,Momo,,2.1,FeelSpecial,2019
"00:00:43,660","00:00:47,040",dalkomhan chokollit aiseukeurimcheoreom,Sana,,3.38,Fancy,2019
"00:00:45,000","00:00:47,900",You make me feel special,Sana,,2.9,FeelSpecial,2019
"00:00:47,040","00:00:51,000",nogabeorineun jigeum nae gibun So lovely,Sana,,3.96,Fancy,2019
"00:00:48,000","00:00:51,800",sesangi amuri nal jujeoanchyeodo,Sana,,3.8,FeelSpecial,2019
"00:00:51,000","00:00:54,680",kkamkkamhan uju sok gajang banjjagineun,Tzuyu,,3.68,Fancy,2019
"00:00:51,800","00:00:55,180",apeugo apeun maldeuri nal jjilleodo,Sana,,3.38,FeelSpecial,2019
"00:00:54,680","00:00:57,760",jeo byeol jeo byeol geu yeope keun ne byeol,Tzuyu,,3.08,Fancy,2019
"00:00:55,180","00:00:57,840",nega isseo nan dashi useo,Sana,,2.66,FeelSpecial,2019
"00:00:57,760","00:01:02,940",geogi neo I fancy you amuna weonhaji ana,Nayeon,,5.18,Fancy,2019
"00:00:57,840","00:00:59,840",That’s what you do,Sana,,2.0,FeelSpecial,2019
"00:00:59,920","00:01:03,120",Again I feel special,Nayeon,,3.2,FeelSpecial,2019
"00:01:02,940","00:01:04,840",Hey I love you!,Nayeon,,1.9,Fancy,2019
"00:01:03,120","00:01:09,800",amugeotto anin jonjae gatdagado sarajyeodo moreul saram gatdagado,Nayeon,,6.68,FeelSpecial,2019
"00:01:05,519","00:01:09,980",geurae neo I fancy you kkumcheoreom haengbokaedo dwae,Jihyo,,4.461,Fancy,2019
"00:01:09,800","00:01:13,260",nal bureuneun ne moksorie,Nayeon,,3.46,FeelSpecial,2019
"00:01:09,980","00:01:12,300",'Cause I need you,Jihyo,,2.32,Fancy,2019
"00:01:12,540","00:01:12,900",(What?),Dahyun,,0.36,Fancy,2019
"00:01:13,040","00:01:14,500",Fancy,Chaeyoung,,1.46,Fancy,2019
"00:01:13,320","00:01:17,700","I feel loved, I feel so special",Nayeon,,4.38,FeelSpecial,2019
"00:01:14,500","00:01:16,907",you~,Nayeon,,2.407,Fancy,2019
"00:01:16,907","00:01:20,040",nuga meonjeo joahamyeon eottae,Jeongyeon,,3.133,Fancy,2019
"00:01:17,860","00:01:24,700",jakku sumgoman shipeoseo maju hagiga shireoseo,Mina,,6.84,FeelSpecial,2019
"00:01:20,040","00:01:21,500",Fancy,Chaeyoung,,1.46,Fancy,2019
"00:01:21,500","00:01:24,234",you~,Nayeon,,2.734,Fancy,2019
"00:01:24,234","00:01:26,160",jigeum neoegero gallae,Momo,,1.926,Fancy,2019
"00:01:24,840","00:01:28,420",modeun ge uimireul ireun deushi naega uimireul ireun deushi,Mina,,3.58,FeelSpecial,2019
"00:01:26,160","00:01:27,680","Fancy, ooh",Chaeyoung,,1.52,Fancy,2019
"00:01:27,720","00:01:30,640",maeilmaeil nan jeongmal amugeotto motane,Dahyun,,2.92,Fancy,2019
"00:01:28,580","00:01:32,940",gamani jujeoanja isseul ttae,Mina,,4.36,FeelSpecial,2019
"00:01:30,640","00:01:34,720", Oh my Mayday ireoda keunil nael geot gateunde,Dahyun,,4.08,Fancy,2019
"00:01:32,940","00:01:40,660",geuttae nae ape natanan neoye ttatteushan misowa songire,Momo,,7.72,FeelSpecial,2019
"00:01:34,720","00:01:38,200",Bang bang meoriga hollin deut Reset-i dwae,Chaeyoung,,3.48,Fancy,2019
"00:01:38,200","00:01:41,960",eojjeomyeon joa ige manneungeonji molla S.O.S,Chaeyoung,,3.76,Fancy,2019
"00:01:40,660","00:01:43,040",Everything’s alright,Tzuyu,,2.38,FeelSpecial,2019
"00:01:41,960","00:01:45,080",Swim swim neoran badae jamsuhami dwae,Dahyun,,3.12,Fancy,2019
"00:01:43,040","00:01:46,180",chorahan Nobodyeseo dashi Somebody,Tzuyu,,3.14,FeelSpecial,2019
"00:01:45,080","00:01:49,040",maeiri Birthday dalkomhae neowa naye Fantasy,Jeongyeon,,3.96,Fancy,2019
"00:01:46,260","00:01:48,260",teukbyeolhan naro byeonhae,Tzuyu,,2.0,FeelSpecial,2019
"00:01:48,260","00:01:51,200",You make me feel special,Jihyo,,2.94,FeelSpecial,2019
"00:01:49,240","00:01:52,340",Dream dream machi kkumgata bol kkojibeobwa,Mina,,3.1,Fancy,2019
"00:01:51,200","00:01:55,100",sesangi amuri nal jujeoanchyeodo,Jihyo,,3.9,FeelSpecial,2019
"00:01:52,340","00:01:56,140",yojeum naye sangtae mesejin lallalla Baby,Chaeyoung,,3.8,Fancy,2019
"00:01:55,100","00:01:58,380",apeugo apeun maldeuri nal jjilleodo,Jihyo,,3.28,FeelSpecial,2019
"00:01:56,140","00:01:59,660",dalkomhan chokollit aiseukeurimcheoreom,Sana,,3.52,Fancy,2019
"00:01:58,400","00:02:00,980",nega isseo nan dashi useo,Jihyo,,2.58,FeelSpecial,2019
"00:01:59,660","00:02:03,780",nogabeorineun jigeum nae gibun So lovely,Sana,,4.12,Fancy,2019
"00:02:01,020","00:02:03,380",That’s what you do,Jihyo,,2.36,FeelSpecial,2019
"00:02:03,380","00:02:06,540",Again I feel special,Jeongyeon,,3.16,FeelSpecial,2019
"00:02:03,780","00:02:07,380",kkamkkamhan uju sok gajang banjjagineun,Tzuyu,,3.6,Fancy,2019
"00:02:06,540","00:02:13,340",amugeotto anin jonjae gatdagado sarajyeodo moreul saram gatdagado,Jeongyeon,,6.8,FeelSpecial,2019
"00:02:07,380","00:02:10,520",jeo byeol jeo byeol geu yeope keun ne byeol,Tzuyu,,3.14,Fancy,2019
"00:02:10,520","00:02:15,160",geogi neo I fancy you amuna weonhaji ana,Nayeon,,4.64,Fancy,2019
"00:02:13,420","00:02:16,760",nal bureuneun ne moksorie,Jeongyeon,,3.34,FeelSpecial,2019
"00:02:15,160","00:02:17,380",Hey I love you!,Nayeon,,2.22,Fancy,2019
"00:02:16,760","00:02:20,960","I feel loved, I feel special",Jeongyeon,,4.2,FeelSpecial,2019
"00:02:17,900","00:02:22,580",geurae neo I fancy you kkumcheoreom haengbokaedo dwae,Jihyo,,4.68,Fancy,2019
"00:02:21,100","00:02:27,600",You make everything alright gureumi jjwak kkin haessal han jum eomneun nal,Dahyun,,6.5,FeelSpecial,2019
"00:02:22,600","00:02:24,900",'Cause I need you,Jihyo,,2.3,Fancy,2019
"00:02:24,900","00:02:25,520",(What?),Dahyun,,0.62,Fancy,2019
"00:02:25,520","00:02:26,843",Fancy,Chaeyoung,,1.323,Fancy,2019
"00:02:26,843","00:02:29,646",you~,Nayeon,,2.803,Fancy,2019
"00:02:27,680","00:02:30,560",nega baro naye Shining light  That’s what you do,Dahyun,,2.88,FeelSpecial,2019
"00:02:29,646","00:02:32,820",nuga meonjeo joahamyeon eottae,Jeongyeon,,3.174,Fancy,2019
"00:02:30,680","00:02:34,380",amuri eoduun bamdo dashi nat I owe it to you,Dahyun,,3.7,FeelSpecial,2019
"00:02:32,820","00:02:34,638",Fancy,Chaeyoung,,1.818,Fancy,2019
"00:02:34,420","00:02:36,160",Because you make me feel,Dahyun,,1.74,FeelSpecial,2019
"00:02:34,638","00:02:36,913",you~,Nayeon,,2.275,Fancy,2019
"00:02:36,000","00:02:37,860",You make me feel special,Jihyo,,1.86,FeelSpecial,2019
"00:02:36,913","00:02:38,600",jigeum neoegero gallae,Momo,,1.687,Fancy,2019
"00:02:37,860","00:02:41,540",sesangi amuri nal jujeoanchyeodo,Jihyo,,3.68,FeelSpecial,2019
"00:02:38,760","00:02:40,220",Fancy (WOO!),Chaeyoung,,1.46,Fancy,2019
"00:02:40,320","00:02:43,440",yeongicheoreom huk sarajilkka,Mina,,3.12,Fancy,2019
"00:02:41,540","00:02:44,880",apeugo apeun maldeuri nal jjilleodo,Jihyo,,3.34,FeelSpecial,2019
"00:02:43,440","00:02:47,260",neul gadeuki dama neol du nune dama,Sana,,3.82,Fancy,2019
"00:02:44,880","00:02:47,580",nega isseo nan dashi useo,Jihyo,,2.7,FeelSpecial,2019
"00:02:47,260","00:02:50,400",saenggangmaneuro pogeunhaejeo,Nayeon,,3.14,Fancy,2019
"00:02:47,660","00:02:49,940",That’s what you do,Jihyo,,2.28,FeelSpecial,2019
"00:02:49,940","00:02:52,960",Again I feel special,Nayeon,,3.02,FeelSpecial,2019
"00:02:50,400","00:02:56,080",mollae dwieseo ana neol nochi aneullae,Jihyo,,5.68,Fancy,2019
"00:02:52,960","00:02:59,880",amugeotto anin jonjae gatdagado sarajyeodo moreul saram gatdagado,Nayeon,,6.92,FeelSpecial,2019
"00:02:56,080","00:03:01,160",geogi neo I fancy you amuna weonhaji ana,Nayeon,Jihyo,5.08,Fancy,2019
"00:02:59,880","00:03:03,260",nal bureuneun ne moksorie,Nayeon,,3.38,FeelSpecial,2019
"00:03:01,200","00:03:02,760",Hey I love you!,Nayeon,Jihyo,1.56,Fancy,2019
"00:03:03,260","00:03:07,300","I feel loved, I feel so special",Nayeon,,4.04,FeelSpecial,2019
"00:03:03,280","00:03:08,260",geurae neo I fancy you kkumcheoreom haengbokaedo dwae,Jihyo,,4.98,Fancy,2019
"00:03:08,260","00:03:10,220",'Cause I need you,Jihyo,,1.96,Fancy,2019
"00:03:10,780","00:03:11,280",What?,Dahyun,,0.5,Fancy,2019
"00:03:11,280","00:03:12,211",Fancy,Chaeyoung,,0.931,Fancy,2019
"00:03:12,211","00:03:15,054",you~,Nayeon,,2.843,Fancy,2019
"00:03:15,054","00:03:18,240",nuga meonjeo joahamyeon eottae,Tzuyu,,3.186,Fancy,2019
"00:03:18,240","00:03:19,598",Fancy,Chaeyoung,,1.358,Fancy,2019
"00:03:19,598","00:03:22,325",you~,Nayeon,,2.727,Fancy,2019
"00:03:22,325","00:03:23,920",jigeum neoegero gallae,Sana,,1.595,Fancy,2019
"00:03:23,920","00:03:25,740","Fancy, (WOO)",Chaeyoung,,1.82,Fancy,2019
"00:00:01,460","00:00:03,780",I know I want it,Nayeon,,2.32,More&More,2020
"00:00:04,220","00:00:08,240",ibe bareun sorin ije geumanhalge,Nayeon,,4.02,More&More,2020
"00:00:08,500","00:00:10,780",Cause I deserve it deserve it,Nayeon,,2.28,More&More,2020
"00:00:10,920","00:00:17,240",hokshi jamkkan naega miweojideorado geokjeong an halge,Mina,,6.32,More&More,2020
"00:00:13,369","00:00:18,204",I know gochyeo sseul gachido eoptan geol,Nayeon,,4.835,CryForMe,2020
"00:00:15,370","00:00:18,953",allami ullyeodae Ring ring a ling,Nayeon,,3.583,ICantStopMe,2020
"00:00:17,580","00:00:19,740",Cause I know you I know you,Mina,,2.16,More&More,2020
"00:00:18,204","00:00:21,542",hajiman geunyeowa dalli nan neol,Nayeon,,3.338,CryForMe,2020
"00:00:18,953","00:00:22,220",seoroye nungiri daheul ttaemada,Nayeon,,3.267,ICantStopMe,2020
"00:00:20,220","00:00:22,000",nae nuneul jakku pihaebwa,Tzuyu,,1.78,More&More,2020
"00:00:21,542","00:00:25,490",shwipge nwajul mami eopgeodeun,Nayeon,,3.948,CryForMe,2020
"00:00:22,220","00:00:25,522",almyeonseo bingbing doneunde,Mina,,3.302,ICantStopMe,2020
"00:00:22,300","00:00:24,280",ne mameul jakku sumgyeobwa,Tzuyu,,1.98,More&More,2020
"00:00:24,580","00:00:28,920",naegeseo domangchyeobwa No no,Tzuyu,,4.34,More&More,2020
"00:00:25,490","00:00:25,650",Never let go,Chaeyoung,,0.16,CryForMe,2020
"00:00:25,522","00:00:28,814",jeomjeom dagagajana I know it’s too late,Mina,,3.292,ICantStopMe,2020
"00:00:25,770","00:00:28,888",You don’t know me,Mina,,3.118,CryForMe,2020
"00:00:28,814","00:00:31,814",maeumsogeuroneun da algo itjana,Sana,,3.0,ICantStopMe,2020
"00:00:28,888","00:00:32,316",L O V E or hatred,Mina,,3.428,CryForMe,2020
"00:00:29,240","00:00:30,880",gamatteon nuneul tteosseul ttae,Momo,,1.64,More&More,2020
"00:00:31,360","00:00:33,400",mundeuk naega tteooreul ttae,Momo,,2.04,More&More,2020
"00:00:31,814","00:00:35,133",gyeolgugeneun seoneul neomge dwel georaneun geol,Sana,,3.319,ICantStopMe,2020
"00:00:32,316","00:00:35,387",ibyeol daeshin nan sunjinhan misoman,Mina,,3.071,CryForMe,2020
"00:00:33,880","00:00:37,100",You are gonna be mine again,Momo,,3.22,More&More,2020
"00:00:35,133","00:00:36,777",I’m warning myself,Chaeyoung,,1.644,ICantStopMe,2020
"00:00:35,387","00:00:39,823",oneuldo ne pume angillae,Mina,,4.436,CryForMe,2020
"00:00:36,777","00:00:38,348",neo geureomyeon an dwae,Chaeyoung,,1.571,ICantStopMe,2020
"00:00:37,600","00:00:41,620",You’re gonna say more more more more more and more,Sana,,4.02,More&More,2020
"00:00:38,348","00:00:40,917","maebun, maecho, nae mami nae mameul chuweolhae",Jeongyeon,,2.569,ICantStopMe,2020
"00:00:39,823","00:00:41,458",amugeotto moreuneun cheok,Dahyun,,1.635,CryForMe,2020
"00:00:40,917","00:00:42,569",Out of control,Jeongyeon,,1.652,ICantStopMe,2020
"00:00:41,458","00:00:43,140",Baby no more real love,Momo,,1.682,CryForMe,2020
"00:00:42,060","00:00:45,080",meomchuji mothae More more more and more,Dahyun,,3.02,More&More,2020
"00:00:42,569","00:00:45,824",nareul gamshihaneun jeo Spot spot spotlight,Jihyo,,3.255,ICantStopMe,2020
"00:00:43,140","00:00:44,759",neoye gyeote isseojulge,Dahyun,,1.619,CryForMe,2020
"00:00:44,759","00:00:46,702",majimaken break your heart,Momo,,1.943,CryForMe,2020
"00:00:45,400","00:00:46,300",geureoni han beon deo,Chaeyoung,,0.9,More&More,2020
"00:00:45,824","00:00:49,079",bichulsurok eodum sogeuro ppallyeo deureo,Jihyo,,3.255,ICantStopMe,2020
"00:00:46,420","00:00:50,640",I wanna have more more more more more and more,Jihyo,,4.22,More&More,2020
"00:00:46,702","00:00:48,398",Bad boy bad boy,Jeongyeon,,1.696,CryForMe,2020
"00:00:48,398","00:00:49,609",yeah you really make me,Jeongyeon,,1.211,CryForMe,2020
"00:00:49,079","00:00:52,172",kkeuchi boineunde I know it’s not right,Jihyo,,3.093,ICantStopMe,2020
"00:00:49,609","00:00:53,764","a mad girl mad girl, wo oh oh",Jeongyeon,,4.155,CryForMe,2020
"00:00:50,960","00:00:53,940",meomchugi shireo More more more and more,Jeongyeon,,2.98,More&More,2020
"00:00:52,172","00:00:55,392","I can’t stop me, can’t stop me",Momo,,3.22,ICantStopMe,2020
"00:00:53,764","00:00:56,999","I want you to cry, cry for me",Jihyo,,3.235,CryForMe,2020
"00:00:54,120","00:00:55,440",geureoni han beon deo,Nayeon,,1.32,More&More,2020
"00:00:55,392","00:00:58,707",nae ape nohyeojin i Red red red line,Nayeon,,3.315,ICantStopMe,2020
"00:00:56,999","00:01:00,386",naega ureotteon geotcheoreom Cry for me,Jihyo,,3.387,CryForMe,2020
"00:00:58,707","00:01:01,960",geonneopyeonye neowa nan imi nuneul matchweo,Nayeon,,3.253,ICantStopMe,2020
"00:00:58,740","00:01:00,540",meomchujireul mothae,Dahyun,,1.8,More&More,2020
"00:01:00,386","00:01:02,216",Make your rain fall,Jihyo,,1.83,CryForMe,2020
"00:01:01,960","00:01:04,946",neukkigo shipeo jjarithan Highlight,Nayeon,,2.986,ICantStopMe,2020
"00:01:02,216","00:01:05,174",Cry for me but,Jihyo,,2.958,CryForMe,2020
"00:01:03,180","00:01:04,800",geureoni han beon deo,Tzuyu,,1.62,More&More,2020
"00:01:04,946","00:01:07,850","I can’t stop me, can’t stop me",Dahyun,,2.904,ICantStopMe,2020
"00:01:05,174","00:01:06,148",Again,Jihyo,,0.974,CryForMe,2020
"00:01:06,148","00:01:09,161",jogeumsshik jogeumsshik tto ppajyeoga,Nayeon,,3.013,CryForMe,2020
"00:01:07,600","00:01:09,380",meomchugiga shireo,Mina,,1.78,More&More,2020
"00:01:09,161","00:01:12,806",sarange nae gyeolshimi tto muneojyeoga,Nayeon,,3.645,CryForMe,2020
"00:01:12,060","00:01:13,220",geureoni han beon deo,Momo,,1.16,More&More,2020
"00:01:12,806","00:01:16,219",yongseohal pinggyereul mandeureoga,Nayeon,,3.413,CryForMe,2020
"00:01:13,640","00:01:15,240",Do you feel me,Jeongyeon,,1.6,More&More,2020
"00:01:15,680","00:01:20,060",niga nal wihan saramirago minni,Jeongyeon,,4.38,More&More,2020
"00:01:16,219","00:01:17,326",I want you to,Tzuyu,,1.107,CryForMe,2020
"00:01:17,326","00:01:17,916",I want you to,Tzuyu,,0.59,CryForMe,2020
"00:01:17,854","00:01:19,667","I can’t stop me, can’t stop me",Tzuyu,,1.813,ICantStopMe,2020
"00:01:17,916","00:01:18,778",I want you to,Tzuyu,,0.862,CryForMe,2020
"00:01:18,778","00:01:19,540",Cry for me,Tzuyu,,0.762,CryForMe,2020
"00:01:19,667","00:01:22,982",nungama dallagu Ya ya,Momo,,3.315,ICantStopMe,2020
"00:01:20,520","00:01:22,340",Only for me only for me,Jeongyeon,,1.82,More&More,2020
"00:01:22,270 ","00:01:26,507",I don’t know neoran nom miweojil jul moreugo,Sana,,4.237,CryForMe,2020
"00:01:22,800","00:01:28,640",ganjireoun mareun gudi haji anado neon,Chaeyoung,,5.84,More&More,2020
"00:01:22,982","00:01:26,250",ttak han beonman No rules ah ah,Dahyun,,3.268,ICantStopMe,2020
"00:01:26,250","00:01:28,000",moreun cheogae jweo Lights off,Momo,,1.75,ICantStopMe,2020
"00:01:26,507","00:01:31,631",chingudeulhanten tto neoreul gamssajuneun jung,Sana,,5.124,CryForMe,2020
"00:01:28,000","00:01:29,100",tonight,Jeongyeon,,1.1,ICantStopMe,2020
"00:01:29,120","00:01:31,700",Cause you know me you know me,Chaeyoung,,2.58,More&More,2020
"00:01:30,081","00:01:34,243",na chameul su eopseul geo gata Losing myself,Jihyo,,4.162,ICantStopMe,2020
"00:01:31,631","00:01:35,954",baboga dwae beoryeossgun,Sana,,4.323,CryForMe,2020
"00:01:32,200","00:01:33,980",ne gwireul jakku magado,Sana,,1.78,More&More,2020
"00:01:34,243","00:01:35,914",ijeneun Turning back,Tzuyu,,1.671,ICantStopMe,2020
"00:01:34,460","00:01:36,120",nareul meolli mireonaedo,Sana,,1.66,More&More,2020
"00:01:35,914","00:01:39,135",bulganeunghae nan jeomjeom deo gipeun eodume,Tzuyu,,3.221,ICantStopMe,2020
"00:01:36,300","00:01:40,495",ooh neo wae jakku nareul bomyeo unneunde,Chaeyoung,,4.195,CryForMe,2020
"00:01:36,520","00:01:40,860",naegeseo meoreojyeodo,Sana,Mina,4.34,More&More,2020
"00:01:39,135","00:01:40,672",neomuna jjarithae,Sana,,1.537,ICantStopMe,2020
"00:01:40,495","00:01:43,850",ttak han beone nunmurimyeon dweneunde,Chaeyoung,,3.355,CryForMe,2020
"00:01:40,672","00:01:42,319",na nuneul gameullae,Sana,,1.647,ICantStopMe,2020
"00:01:41,200","00:01:42,900",naega dashi neol bureumyeon,Jihyo,,1.7,More&More,2020
"00:01:42,319","00:01:44,904",dashineun doragal su eopseul geonman gatae,Chaeyoung,,2.585,ICantStopMe,2020
"00:01:43,160","00:01:45,120",naye moksoril deureumyeon,Jihyo,,1.96,More&More,2020
"00:01:43,850","00:01:49,231","Cry for me, let me please forgive you ah",Dahyun,,5.381,CryForMe,2020
"00:01:44,904","00:01:46,527",Out of control,Chaeyoung,,1.623,ICantStopMe,2020
"00:01:45,600","00:01:49,020",You are gonna be mine again Yeah han beon deo,Jihyo,,3.42,More&More,2020
"00:01:46,527","00:01:49,635",nareul gamshihaneun jeo Spot spot spotlight,Nayeon,,3.108,ICantStopMe,2020
"00:01:49,231","00:01:50,890",amugeotto moreuneun cheok,Momo,,1.659,CryForMe,2020
"00:01:49,300","00:01:53,460",You’re gonna say more more more more more and more,Sana,,4.16,More&More,2020
"00:01:49,635","00:01:52,991",bichulsurok eodum sogeuro ppallyeo deureo,Nayeon,,3.356,ICantStopMe,2020
"00:01:50,890","00:01:52,539",Baby just like real love,Dahyun,,1.649,CryForMe,2020
"00:01:52,539","00:01:54,259",majimak gihweya eoseo,Momo,,1.72,CryForMe,2020
"00:01:52,991","00:01:56,151",kkeuchi boineunde I know it’s not right,Nayeon,,3.16,ICantStopMe,2020
"00:01:53,740","00:01:56,880",meomchuji mothae More more more and more,Dahyun,,3.14,More&More,2020
"00:01:54,259","00:01:56,294",Show me your true love,Dahyun,Nayeon,2.035,CryForMe,2020
"00:01:56,151","00:01:59,259","I can’t stop me, can’t stop me",Dahyun,,3.108,ICantStopMe,2020
"00:01:56,294","00:01:57,880",Bad boy bad boy,Jihyo,,1.586,CryForMe,2020
"00:01:57,080","00:01:58,180",geureoni han beon deo,Chaeyoung,,1.1,More&More,2020
"00:01:57,880","00:01:59,122",yeah you really make me,Jihyo,,1.242,CryForMe,2020
"00:01:58,240","00:02:02,380",I wanna have more more more more more and more,Jihyo,,4.14,More&More,2020
"00:01:59,122","00:02:03,295",a sad girl sad girl wo oh oh,Jihyo,Nayeon,4.173,CryForMe,2020
"00:01:59,259","00:02:02,573",nae ape nohyeojin i Red red red line ,Jihyo,Nayeon,3.314,ICantStopMe,2020
"00:02:02,573","00:02:05,941",geonneopyeonye neowa nan imi nuneul matchweo,Jihyo,,3.368,ICantStopMe,2020
"00:02:02,760","00:02:05,880",meomchugi shireo More more more and more,Jeongyeon,,3.12,More&More,2020
"00:02:03,295","00:02:06,493","I want you to cry, cry for me",Jeongyeon,,3.198,CryForMe,2020
"00:02:05,941","00:02:09,007",neukkigo shipeo jjarithan Highlight,Jihyo,Nayeon,3.066,ICantStopMe,2020
"00:02:06,040","00:02:07,140",geureoni han beon deo,Nayeon,,1.1,More&More,2020
"00:02:06,493","00:02:09,924","Just like I cried, Cry for me",Jeongyeon,,3.431,CryForMe,2020
"00:02:09,007","00:02:11,814","I can’t stop me, can’t stop me",Mina,,2.807,ICantStopMe,2020
"00:02:09,924","00:02:11,506",Make your rain fall,Jeongyeon,,1.582,CryForMe,2020
"00:02:10,440","00:02:12,120",meomchujireul mothae,Dahyun,,1.68,More&More,2020
"00:02:11,506","00:02:14,738",Cry for me but,Jeongyeon,,3.232,CryForMe,2020
"00:02:11,814","00:02:13,403",Risky risky wiggy wigi,Chaeyoung,,1.589,ICantStopMe,2020
"00:02:13,403","00:02:15,050",This is an emergency,Chaeyoung,,1.647,ICantStopMe,2020
"00:02:14,738","00:02:15,677",Again (me yeah),Jeongyeon,Mina,0.939,CryForMe,2020
"00:02:14,980","00:02:16,520",geureoni han beon deo,Tzuyu,,1.54,More&More,2020
"00:02:15,050","00:02:16,594","Help me, help me, somebody stop me",Dahyun,,1.544,ICantStopMe,2020
"00:02:15,677","00:02:18,590",Little by little I fall for you,Nayeon,,2.913,CryForMe,2020
"00:02:16,594","00:02:18,988",Cuz I know I can’t stop me,Dahyun,,2.394,ICantStopMe,2020
"00:02:18,590","00:02:22,358",Love makes my mind give way,Nayeon,,3.768,CryForMe,2020
"00:02:18,988","00:02:20,559",dapeun algo itjana,Momo,,1.571,ICantStopMe,2020
"00:02:19,400","00:02:21,020",meomchugiga shireo,Mina,,1.62,More&More,2020
"00:02:20,559","00:02:22,161",geunde gago itjana,Momo,,1.602,ICantStopMe,2020
"00:02:22,161","00:02:23,059",ireogo shipji ana,Dahyun,,0.898,ICantStopMe,2020
"00:02:22,358","00:02:25,577",And I keep making reasons to forgive,Nayeon,,3.219,CryForMe,2020
"00:02:23,059","00:02:25,068",nae ane naega tto inna bwa,Dahyun,,2.009,ICantStopMe,2020
"00:02:23,940","00:02:25,140",geureoni han beon deo,Momo,,1.2,More&More,2020
"00:02:25,068","00:02:28,446",naneun weonhaneunde,Mina,,3.378,ICantStopMe,2020
"00:02:25,577","00:02:26,376",I want you to,Sana,,0.799,CryForMe,2020
"00:02:26,376","00:02:27,242",I want you to,Sana,,0.866,CryForMe,2020
"00:02:27,242","00:02:28,094",I want you to,Sana,,0.852,CryForMe,2020
"00:02:28,094","00:02:29,646",Cry for me,Sana,,1.552,CryForMe,2020
"00:02:28,446","00:02:31,364",weonhaneun ge andwae,Sana,,2.918,ICantStopMe,2020
"00:02:29,646","00:02:32,974",Love is so toxic,Mina,,3.328,CryForMe,2020
"00:02:31,364","00:02:33,699",Guilty nan shireunde,Tzuyu,,2.335,ICantStopMe,2020
"00:02:32,974","00:02:36,290",It makes hatred melt away,Mina,,3.316,CryForMe,2020
"00:02:33,699","00:02:37,712","I can’t stop me, can’t stop me, can’t stop me",Nayeon,,4.013,ICantStopMe,2020
"00:02:36,290","00:02:43,088",I want you again by my side yeah yeah,Tzuyu,,6.798,CryForMe,2020
"00:02:37,712","00:02:40,896",nareul gamshihaneun jeo Spot spot spotlight,Jeongyeon,Nayeon,3.184,ICantStopMe,2020
"00:02:40,896","00:02:44,100",bichulsurok eodum sogeuro ppallyeo deureo,Jeongyeon,Nayeon,3.204,ICantStopMe,2020
"00:02:43,088","00:02:46,378","I want you to cry, cry for me",Nayeon,,3.29,CryForMe,2020
"00:02:43,760","00:02:45,900",nan weollae yokshimjaengi mollattamyeon mian,Dahyun,,2.14,More&More,2020
"00:02:44,100","00:02:47,121",kkeuchi boineunde I know it’s not right,Jeongyeon,Nayeon,3.021,ICantStopMe,2020
"00:02:46,280","00:02:48,320",sagwaneun miri halge Cuz I want you more more,Dahyun,,2.04,More&More,2020
"00:02:46,378","00:02:49,684",neo yeongirado hae ppalli Cry for me,Nayeon,,3.306,CryForMe,2020
"00:02:47,121","00:02:50,326","I can’t stop me, can’t stop me",Chaeyoung,,3.205,ICantStopMe,2020
"00:02:48,500","00:02:52,780",uigyeoneun piryo eopseo humchil geoya ne mam naege hollige dwelgeol You can’t say no no,Dahyun,,4.28,More&More,2020
"00:02:49,684","00:02:52,010",Make your rain fall,Nayeon,,2.326,CryForMe,2020
"00:02:50,326","00:02:53,544",nae ape nohyeojin i Red red red line,Nayeon,Jihyo,3.218,ICantStopMe,2020
"00:02:52,010","00:02:56,266",fall and fall now yeah,Nayeon,,4.256,CryForMe,2020
"00:02:53,140","00:02:57,160",nan dodukgoyangi oneulmaneun neol kkok jabeureo wasseunikka ttak gidaryeo neo,Chaeyoung,,4.02,More&More,2020
"00:02:53,544","00:02:57,106",geonneopyeonye neowa nan imi nuneul matchweo,Nayeon,Jihyo,3.562,ICantStopMe,2020
"00:02:56,266","00:02:59,473","I want you to cry, cry for me",Jeongyeon,Nayeon,3.207,CryForMe,2020
"00:02:57,106","00:03:00,094",neukkigo shipeo jjarithan Highlight,Nayeon,Jihyo,2.988,ICantStopMe,2020
"00:02:57,420","00:02:59,560",meolli gaji malgo dashi naege Come come,Chaeyoung,,2.14,More&More,2020
"00:02:59,473","00:03:02,911","Just like I cried, Cry for me",Jeongyeon,Nayeon,3.438,CryForMe,2020
"00:03:00,040","00:03:01,320",Yeah han beon deo,Nayeon,,1.28,More&More,2020
"00:03:00,094","00:03:03,197","I can’t stop me, can’t stop me",Sana,,3.103,ICantStopMe,2020
"00:03:02,911","00:03:04,516",Make your rain fall,Jeongyeon,,1.605,CryForMe,2020
"00:03:04,280","00:03:05,800",meomchujireul mothae ,Dahyun,Nayeon,1.52,More&More,2020
"00:03:04,516","00:03:07,698",Cry for me but,Jeongyeon,Mina,3.182,CryForMe,2020
"00:03:07,698","00:03:08,658",Again,Jeongyeon,Mina,0.96,CryForMe,2020
"00:03:08,658","00:03:11,626",Little by little I fall for you,Jihyo,Mina,2.968,CryForMe,2020
"00:03:08,840","00:03:10,040",geureoni han beon deo ,Tzuyu,Nayeon,1.2,More&More,2020
"00:03:11,626","00:03:15,281",Love makes my mind give way,Jihyo,Mina,3.655,CryForMe,2020
"00:03:13,013","00:03:16,065","I can’t stop me, can’t stop me",Tzuyu,,3.052,ICantStopMe,2020
"00:03:13,220","00:03:15,220",meomchugiga shireo ,Mina,Nayeon,2.0,More&More,2020
"00:03:15,281","00:03:18,572",And I keep making reasons to forgive,Jihyo,Dahyun,3.291,CryForMe,2020
"00:03:17,740","00:03:19,080",geureoni han beon deo ,Nayeon,,1.34,More&More,2020
"00:03:18,572","00:03:19,360",I want you to,Chaeyoung,,0.788,CryForMe,2020
"00:03:19,360","00:03:20,147",I want you to,Chaeyoung,,0.787,CryForMe,2020
"00:03:20,147","00:03:21,046",I want you to,Chaeyoung,,0.899,CryForMe,2020
"00:03:21,046","00:03:23,046",Die for me,Chaeyoung,,2.0,CryForMe,2020
"00:00:02,500","00:00:03,750",yeah,Jihyo,,1.25,Scientist,2021
"00:00:05,150","00:00:07,043",wae jakku nal yeonguhae,Mina,,1.893,Scientist,2021
"00:00:07,043","00:00:09,859",ainshutaindo anigo,Mina,,2.816,Scientist,2021
"00:00:08,896","00:00:13,884",neowa isseul ttaen naege,Nayeon,,4.988,AlcoholFree,2021
"00:00:09,859","00:00:11,269",wae geureoke gageul jae,Jeongyeon,,1.41,Scientist,2021
"00:00:11,269","00:00:13,775","Sine, cosine-do anigo",Jeongyeon,,2.506,Scientist,2021
"00:00:13,775","00:00:15,366",milgo danggineun ge,Chaeyoung,,1.591,Scientist,2021
"00:00:13,884","00:00:18,836",shingihan byeonhwaga inneunde,Nayeon,,4.952,AlcoholFree,2021
"00:00:15,366","00:00:18,269",nae seutaireun deo anigo,Jeongyeon,,2.903,Scientist,2021
"00:00:18,269","00:00:19,660",araboda mal geomyeon,Chaeyoung,,1.391,Scientist,2021
"00:00:18,836","00:00:23,801",jakku miso jitge dwae,Mina,,4.965,AlcoholFree,2021
"00:00:19,660","00:00:21,964",nune balpijina ma jom jebal,Chaeyoung,,2.304,Scientist,2021
"00:00:21,964","00:00:27,127",neon saenggagi mana munjeya munje,Sana,,5.163,Scientist,2021
"00:00:23,801","00:00:28,752",amu ildo eomneunde,Mina,,4.951,AlcoholFree,2021
"00:00:27,127","00:00:31,392",meorissogman deuryeodabomyeon mweo hae,Sana,,4.265,Scientist,2021
"00:00:28,752","00:00:31,180",jakku mabeope geollyeo,Chaeyoung,,2.428,AlcoholFree,2021
"00:00:31,180","00:00:33,726",bameul saeweodo an jollyeo,Chaeyoung,,2.546,AlcoholFree,2021
"00:00:31,392","00:00:35,578",gak jael shigane dap nael shigane,Tzuyu,,4.186,Scientist,2021
"00:00:33,726","00:00:36,149",dareun saenggak jiweojyeo,Jihyo,,2.423,AlcoholFree,2021
"00:00:35,578","00:00:38,246",Better make a move,Tzuyu,,2.668,Scientist,2021
"00:00:36,149","00:00:38,675",shimjang sorineun keojyeo,Jihyo,,2.526,AlcoholFree,2021
"00:00:38,246","00:00:39,955",Love aint a science,Nayeon,,1.709,Scientist,2021
"00:00:38,675","00:00:41,045",sarangi cham shwiweojyeo,Jeongyeon,,2.37,AlcoholFree,2021
"00:00:39,955","00:00:42,041",Dont need no license,Nayeon,,2.086,Scientist,2021
"00:00:41,045","00:00:47,028",geuraeseo ppajigo ppajyeo jeomjeom neoege,Jeongyeon,,5.983,AlcoholFree,2021
"00:00:42,041","00:00:46,264",meori ssamaego gominhalsurok Minus,Nayeon,,4.223,Scientist,2021
"00:00:46,264","00:00:48,522",Dont try to be a genius,Jihyo,,2.258,Scientist,2021
"00:00:47,028","00:00:48,604",That's what you do to me,Momo,,1.576,AlcoholFree,2021
"00:00:48,522","00:00:50,693",Why so serious?,Jihyo,,2.171,Scientist,2021
"00:00:48,604","00:00:53,597",naneun Alcohol free geunde chwihae,Nayeon,,4.993,AlcoholFree,2021
"00:00:50,693","00:00:52,795",mami ganeun daero,Jihyo,,2.102,Scientist,2021
"00:00:52,795","00:00:56,570","mami shikin daero What u, what u waiting for?",Jihyo,,3.775,Scientist,2021
"00:00:53,597","00:00:58,496",mashin ge hanado eomneunde,Nayeon,,4.899,AlcoholFree,2021
"00:00:56,570","00:00:57,977",geurae mweol aranaesseo?,Mina,,1.407,Scientist,2021
"00:00:57,977","00:01:00,798",geudongan naye daehae,Mina,,2.821,Scientist,2021
"00:00:58,496","00:01:03,411",neowa isseul ttaemada irae,Tzuyu,,4.915,AlcoholFree,2021
"00:01:00,798","00:01:02,175",daeum gwamogeun mweoya?,Momo,,1.377,Scientist,2021
"00:01:02,175","00:01:05,013","So whats the next class, then?",Momo,,2.838,Scientist,2021
"00:01:03,411","00:01:08,344",nal boneun ne nunbit ttaemune,Tzuyu,,4.933,AlcoholFree,2021
"00:01:05,013","00:01:09,262",baengal yeonguhaebwatja ireon shigimyeon Failure,Mina,,4.249,Scientist,2021
"00:01:08,344","00:01:11,889","neoneun nuneuro mashineun nae Champagne, nae Wine",Sana,,3.545,AlcoholFree,2021
"00:01:09,262","00:01:10,757",bun danwiro bakkwieodaeneun,Momo,,1.495,Scientist,2021
"00:01:10,757","00:01:13,041",nae mameun mot pureonaelgeol,Momo,,2.284,Scientist,2021
"00:01:11,889","00:01:14,446","nae Tequila, margarita",Sana,,2.557,AlcoholFree,2021
"00:01:13,041","00:01:17,988",neon saenggagi mana munjeya munje,Jeongyeon,,4.947,Scientist,2021
"00:01:14,446","00:01:16,742",Mojito with lime,Momo,,2.296,AlcoholFree,2021
"00:01:16,742","00:01:19,418","Sweet mimosa, pina colada",Momo,,2.676,AlcoholFree,2021
"00:01:17,988","00:01:22,281",meorissogman deuryeodabomyeon mweo hae,Jeongyeon,,4.293,Scientist,2021
"00:01:19,418","00:01:24,395",I'm drunk in you,Jihyo,,4.977,AlcoholFree,2021
"00:01:22,281","00:01:26,494",gak jael shigane dap nael shigane,Dahyun,,4.213,Scientist,2021
"00:01:24,395","00:01:28,134",I'm drunk in you,Jihyo,,3.739,AlcoholFree,2021
"00:01:26,494","00:01:29,151",Better make a move,Dahyun,,2.657,Scientist,2021
"00:01:28,134","00:01:33,027",neoneun jeongmal teukbyeolhae,Dahyun,,4.893,AlcoholFree,2021
"00:01:29,151","00:01:30,826",Love aint a science,Jihyo,,1.675,Scientist,2021
"00:01:30,826","00:01:32,985",Dont need no license,Jihyo,,2.159,Scientist,2021
"00:01:32,985","00:01:37,113",meori ssamaego gominhalsurok Minus,Jihyo,,4.128,Scientist,2021
"00:01:33,027","00:01:38,055",jeonhyeo dokhaji aneunde,Dahyun,,5.028,AlcoholFree,2021
"00:01:37,113","00:01:39,482",Dont try to be a genius,Tzuyu,,2.369,Scientist,2021
"00:01:38,055","00:01:42,994",naje byeoli tteuge hae,Jihyo,,4.939,AlcoholFree,2021
"00:01:39,482","00:01:41,645",Why so serious?,Tzuyu,,2.163,Scientist,2021
"00:01:41,645","00:01:43,748",mami ganeun daero,Tzuyu,,2.103,Scientist,2021
"00:01:42,994","00:01:47,939",han mogeum mashyeonneunde,Jihyo,,4.945,AlcoholFree,2021
"00:01:43,748","00:01:47,739","mami shikin daero What u, what u waiting for?",Tzuyu,,3.991,Scientist,2021
"00:01:47,739","00:01:49,821",You got a crush on me,Dahyun,,2.082,Scientist,2021
"00:01:47,939","00:01:50,472",jakku mabeope geollyeo,Nayeon,,2.533,AlcoholFree,2021
"00:01:49,821","00:01:51,478",You're gonna fall for me,Dahyun,,1.657,Scientist,2021
"00:01:50,472","00:01:52,923",bameul saeweodo an jollyeo,Nayeon,,2.451,AlcoholFree,2021
"00:01:51,478","00:01:53,713","sarang apeseo ironi museun soyong,",Dahyun,,2.235,Scientist,2021
"00:01:52,923","00:01:55,306",dareun saenggak jiweojyeo,Jeongyeon,,2.383,AlcoholFree,2021
"00:01:53,713","00:01:55,289",Its all useless(Uh-huh),Dahyun,,1.576,Scientist,2021
"00:01:55,289","00:01:57,420",iron ppasakan Genius ainshutain,Chaeyoung,,2.131,Scientist,2021
"00:01:55,306","00:01:57,780",shimjang sorineun keojyeo,Jeongyeon,,2.474,AlcoholFree,2021
"00:01:57,420","00:01:59,654",bodan buldojeo Curious Frankenstein,Chaeyoung,,2.234,Scientist,2021
"00:01:57,780","00:02:00,131",sarangi cham shwiweojyeo,Tzuyu,,2.351,AlcoholFree,2021
"00:01:59,654","00:02:01,769",cheoreom doljinhae seotunde meotjine,Chaeyoung,,2.115,Scientist,2021
"00:02:00,131","00:02:06,116",geuraeseo ppajigo ppajyeo jeomjeom neoege,Tzuyu,,5.985,AlcoholFree,2021
"00:02:01,769","00:02:02,881","geochimeopshi, sege Rush",Chaeyoung,,1.112,Scientist,2021
"00:02:02,881","00:02:03,975",Got a crush on me,Chaeyoung,,1.094,Scientist,2021
"00:02:03,975","00:02:08,180",dabi eopseo jaemiinneun geol neon wae molla,Momo,,4.205,Scientist,2021
"00:02:06,116","00:02:07,706",That's what you do to me,Mina,,1.59,AlcoholFree,2021
"00:02:07,706","00:02:12,731",naneun Alcohol free geunde chwihae,Sana,,5.025,AlcoholFree,2021
"00:02:08,180","00:02:12,488",dabeul molla seolleyeotteon geol neon wae molla,Momo,,4.308,Scientist,2021
"00:02:12,488","00:02:16,749",nasa hana ppajin geotcheoreom saranghaja,Jeongyeon,Nayeon,4.261,Scientist,2021
"00:02:12,731","00:02:17,630",mashin ge hanado eomneunde,Sana,,4.899,AlcoholFree,2021
"00:02:16,749","00:02:20,286",ttak hanaman aneun babo dwen geotcheoreom,Jeongyeon,,3.537,Scientist,2021
"00:02:17,630","00:02:22,606",neowa isseul ttaemada irae,Jihyo,,4.976,AlcoholFree,2021
"00:02:20,286","00:02:22,519","Love ain't a science, uhm-uhm",Mina,,2.233,Scientist,2021
"00:02:22,519","00:02:24,476","Need no license, uhm-uhm",Mina,,1.957,Scientist,2021
"00:02:22,606","00:02:27,988",nal boneun ne nunbit ttaemune,Jihyo,,5.382,AlcoholFree,2021
"00:02:24,476","00:02:26,445",yeonguhae About me bout me,Nayeon,,1.969,Scientist,2021
"00:02:26,445","00:02:28,388",chungbunhi You know bout me,Nayeon,,1.943,Scientist,2021
"00:02:27,988","00:02:30,500",Alcohol dosuneun wanjeon 0.0%,Dahyun,,2.512,AlcoholFree,2021
"00:02:28,388","00:02:30,903","Love ain't a science, uhm-uhm",Sana,,2.515,Scientist,2021
"00:02:30,500","00:02:33,027",geunde mashil ttaemada jakku gireul ireo,Dahyun,,2.527,AlcoholFree,2021
"00:02:30,903","00:02:33,264","Need no license, uhm-uhm",Sana,,2.361,Scientist,2021
"00:02:33,027","00:02:35,436",jago ileonado kkaejiga ana,Dahyun,,2.409,AlcoholFree,2021
"00:02:33,264","00:02:37,245","malhaetjana What u, what u, what u waiting for?",Chaeyoung,,3.981,Scientist,2021
"00:02:35,436","00:02:37,715",geunde i gibun shiljiga ana,Dahyun,,2.279,AlcoholFree,2021
"00:02:37,245","00:02:39,026",Love aint a science,Nayeon,,1.781,Scientist,2021
"00:02:37,715","00:02:40,159",Easy to the mouth and tummy,Chaeyoung,,2.444,AlcoholFree,2021
"00:02:39,026","00:02:41,010",Dont need no license,Nayeon,,1.984,Scientist,2021
"00:02:40,159","00:02:42,654",Like a drink made of honey,Chaeyoung,,2.495,AlcoholFree,2021
"00:02:41,010","00:02:45,305",meori ssamaego gominhalsurok Minus,Nayeon,,4.295,Scientist,2021
"00:02:42,654","00:02:45,160",i sul ireumeun dodaeche mweoni,Chaeyoung,,2.506,AlcoholFree,2021
"00:02:45,160","00:02:47,331",Makes the whole world bright and sunny,Chaeyoung,,2.171,AlcoholFree,2021
"00:02:45,305","00:02:47,554",Dont try to be a genius,Jihyo,,2.249,Scientist,2021
"00:02:47,331","00:02:52,273",naneun Alcohol free geunde chwihae,Nayeon,,4.942,AlcoholFree,2021
"00:02:47,554","00:02:49,959",Why so serious?,Jihyo,,2.405,Scientist,2021
"00:02:49,959","00:02:51,855",mami ganeun daero,Jihyo,,1.896,Scientist,2021
"00:02:51,855","00:02:55,407","mami shikin daero What u, what u waiting for?",Jihyo,,3.552,Scientist,2021
"00:02:52,273","00:02:57,223",mashin ge hanado eomneunde,Nayeon,,4.95,AlcoholFree,2021
"00:02:57,223","00:03:02,159",neowa isseul ttaemada irae,Tzuyu,,4.936,AlcoholFree,2021
"00:03:02,159","00:03:07,073",nal boneun ne nunbit ttaemune,Tzuyu,,4.914,AlcoholFree,2021
"00:03:03,000","00:03:04,000",you better move,Nayeon,,1.0,Scientist,2021
"00:03:06,000","00:03:07,500",What u waiting,Nayeon,,1.5,Scientist,2021
"00:03:07,073","00:03:10,887","neoneun nuneuro mashineun nae Champagne, nae Wine",Sana,,3.814,AlcoholFree,2021
"00:03:07,500","00:03:09,000",What u waiting,Nayeon,,1.5,Scientist,2021
"00:03:10,887","00:03:13,223","nae Tequila, margarita",Sana,,2.336,AlcoholFree,2021
"00:03:13,223","00:03:15,678",Mojito with lime,Momo,,2.455,AlcoholFree,2021
"00:03:15,678","00:03:18,158","Sweet mimosa, pina colada",Momo,,2.48,AlcoholFree,2021
"00:03:18,158","00:03:23,039",I'm drunk in you,Mina,,4.881,AlcoholFree,2021
"00:03:23,039","00:03:26,239",I'm drunk in you,Mina,,3.2,AlcoholFree,2021
"00:00:09,584","00:00:11,659",nal boneun Eyes sshik unneun Lips,Nayeon,,2.075,TalkThatTalk,2022
"00:00:11,659","00:00:13,559",mame deulji I like it,Nayeon,Chaeyoung,1.9,TalkThatTalk,2022
"00:00:13,559","00:00:16,325",ne A to Z kkwae dalkomhae,Nayeon,Chaeyoung,2.766,TalkThatTalk,2022
"00:00:16,325","00:00:18,188",But I wanna skip,Tzuyu,Momo,1.863,TalkThatTalk,2022
"00:00:18,188","00:00:20,297",deo gyeoljeongjeogin Thing,Tzuyu,Momo,2.109,TalkThatTalk,2022
"00:00:20,297","00:00:23,081",bolloneul weonhae bingbing dollin,Mina,,2.784,TalkThatTalk,2022
"00:00:23,081","00:00:25,536",seoron ttawi malgo,Mina,,2.455,TalkThatTalk,2022
"00:00:25,536","00:00:27,385",deo deo deo deo deo deo boyeojweo,Sana,,1.849,TalkThatTalk,2022
"00:00:27,385","00:00:29,430",neo neo neo neo neo neol allyeojweo,Sana,,2.045,TalkThatTalk,2022
"00:00:29,430","00:00:31,351",jigeum nan Need some hints,Dahyun,,1.921,TalkThatTalk,2022
"00:00:31,351","00:00:33,569",chaeugo isseo neoran Crosswords,Dahyun,,2.218,TalkThatTalk,2022
"00:00:33,569","00:00:35,386","Beep beep beep beep beep, the time is up",Chaeyoung,,1.817,TalkThatTalk,2022
"00:00:35,386","00:00:37,776",nan imi al geot gajjiman,Chaeyoung,,2.39,TalkThatTalk,2022
"00:00:37,776","00:00:40,707",ne moksoriro baro deutgo shibeunde,Momo,,2.931,TalkThatTalk,2022
"00:00:40,707","00:00:44,500",Baby nae dabeun ppeonhajana YES or YES,Tzuyu,,3.793,TalkThatTalk,2022
"00:00:44,500","00:00:49,289",milgeona danggineun gwaenhan shigan nangbineun shireuni,Tzuyu,,4.789,TalkThatTalk,2022
"00:00:49,289","00:00:53,253",gwagamhage Say it now weonhae 1 to 10,Jeongyeon,,3.964,TalkThatTalk,2022
"00:00:53,253","00:00:55,772",shijakhaebolkka Right now,Jeongyeon,,2.519,TalkThatTalk,2022
"00:00:55,772","00:00:57,798",Tell me what you want,Jihyo,,2.026,TalkThatTalk,2022
"00:00:57,798","00:00:59,775",Tell me what you need,Jihyo,,1.977,TalkThatTalk,2022
"00:00:59,775","00:01:01,536",A to Z da malhaebwa,Jihyo,,1.761,TalkThatTalk,2022
"00:01:01,536","00:01:03,710",But shijageun ireoke hae,Jihyo,,2.174,TalkThatTalk,2022
"00:01:03,710","00:01:06,551",Talk that talk ttak han madi,Sana,,2.841,TalkThatTalk,2022
"00:01:06,551","00:01:08,524",Talk that talk L-O-V-E,Sana,,1.973,TalkThatTalk,2022
"00:01:08,524","00:01:09,995",deullyeojweo Ooh,Sana,,1.471,TalkThatTalk,2022
"00:01:09,995","00:01:12,282",Now now now now now yeah,Jihyo,,2.287,TalkThatTalk,2022
"00:01:13,168","00:01:15,451",neoye nun Look look look,Chaeyoung,,2.283,TalkThatTalk,2022
"00:01:15,451","00:01:17,425",wiaraero Roll roll roll,Chaeyoung,,1.974,TalkThatTalk,2022
"00:01:17,425","00:01:19,048",ilkeotjana mweo picha,Momo,,1.623,TalkThatTalk,2022
"00:01:19,048","00:01:21,265",nunbit sai ogo ganeun mal,Momo,,2.217,TalkThatTalk,2022
"00:01:21,265","00:01:23,158","chageunchageun 1, 2, 3",Dahyun,,1.893,TalkThatTalk,2022
"00:01:23,158","00:01:25,287",deo chinjeolhage ABC(Like ABC),Dahyun,,2.129,TalkThatTalk,2022
"00:01:25,287","00:01:27,384",Dont stop and just replay replay,Dahyun,Nayeon,2.097,TalkThatTalk,2022
"00:01:28,994","00:01:31,569",Baby nal ango dalkomhage(dalkomhage),Mina,Jihyo,2.575,TalkThatTalk,2022
"00:01:31,569","00:01:32,570",Tell me now(Just tell me now),Mina,Jihyo,1.001,TalkThatTalk,2022
"00:01:32,570","00:01:37,252",ttaeroneun ppeonhan mari deo,Mina,,4.682,TalkThatTalk,2022
"00:01:37,252","00:01:39,593",Favorite part jigeumiya(Want it more),Jeongyeon,,2.341,TalkThatTalk,2022
"00:01:39,593","00:01:41,290",Now were almost there,Jeongyeon,,1.697,TalkThatTalk,2022
"00:01:41,290","00:01:43,727",shijakhaebolkka Right now,Jeongyeon,,2.437,TalkThatTalk,2022
"00:01:43,727","00:01:45,761",Tell me what you want,Jihyo,,2.034,TalkThatTalk,2022
"00:01:45,761","00:01:47,786",Tell me what you need,Jihyo,,2.025,TalkThatTalk,2022
"00:01:47,786","00:01:49,576",A to Z da malhaebwa,Jihyo,,1.79,TalkThatTalk,2022
"00:01:49,576","00:01:51,731",But shijageun ireoke hae,Jihyo,,2.155,TalkThatTalk,2022
"00:01:51,731","00:01:54,513",Talk that talk ttak han madi,Sana,,2.782,TalkThatTalk,2022
"00:01:54,513","00:01:56,543",Talk that talk L-O-V-E,Sana,,2.03,TalkThatTalk,2022
"00:01:56,543","00:01:57,960",deullyeojweo Ooh,Sana,,1.417,TalkThatTalk,2022
"00:01:57,960","00:02:01,791",Now now now now now yeah,Nayeon,,3.831,TalkThatTalk,2022
"00:02:01,791","00:02:05,759",dansunhan Words saranghandaneun mal,Mina,,3.968,TalkThatTalk,2022
"00:02:05,759","00:02:09,842",geuge daya nan kkumimeopshi deutgil weonhaji,Jihyo,,4.083,TalkThatTalk,2022
"00:02:09,842","00:02:13,647",miruji ana neoege dagaga,Chaeyoung,,3.805,TalkThatTalk,2022
"00:02:13,647","00:02:15,222",nan shimpeulhage,Nayeon,,1.575,TalkThatTalk,2022
"00:02:15,222","00:02:17,851",da malhalge I love you,Nayeon,,2.629,TalkThatTalk,2022
"00:02:17,851","00:02:19,854",Tell me what you want,Nayeon,,2.003,TalkThatTalk,2022
"00:02:19,854","00:02:21,800",Tell me what you need,Nayeon,,1.946,TalkThatTalk,2022
"00:02:21,800","00:02:23,561",A to Z da johjiman,Jihyo,,1.761,TalkThatTalk,2022
"00:02:23,561","00:02:25,806",nan i mari jeil joeunde,Jihyo,,2.245,TalkThatTalk,2022
"00:02:25,806","00:02:28,532",Talk that talk ttak han madi,Dahyun,,2.726,TalkThatTalk,2022
"00:02:28,532","00:02:30,002",Talk that talk L-O-V-E,Dahyun,,1.47,TalkThatTalk,2022
"00:02:30,002","00:02:32,083",Oh yeah it sounds so good,Momo,,2.081,TalkThatTalk,2022
"00:02:32,083","00:02:33,829",deo ppajyeodeureo puk,Momo,,1.746,TalkThatTalk,2022
"00:02:33,829","00:02:35,791",Tell me what you want,Nayeon,,1.962,TalkThatTalk,2022
"00:02:35,791","00:02:37,762",Tell me what you need,Nayeon,,1.971,TalkThatTalk,2022
"00:02:37,762","00:02:39,787",han beon deo haejweo,Jeongyeon,,2.025,TalkThatTalk,2022
"00:02:39,787","00:02:41,790",geurae banggeum geu mal,Jeongyeon,,2.003,TalkThatTalk,2022
"00:02:41,790","00:02:44,500",Talk that talk ttak han madi,Tzuyu,,2.71,TalkThatTalk,2022
"00:02:44,500","00:02:46,569",Talk that talk L-O-V-E,Tzuyu,,2.069,TalkThatTalk,2022
"00:02:46,569","00:02:48,011",deullyeojweo Ooh,Nayeon,,1.442,TalkThatTalk,2022
"00:02:48,011","00:02:51,285",Now now now now now yeah,Nayeon,,3.274,TalkThatTalk,2022
